3570363,RHCT,R2,1
3570363,HYCT,R2,1
3570363,KSCT,RI,1
3570363,PYCT,RI,1
3570374,RHCT,R2,1
3570374,HYCT,R2,1
3570374,KSCT,RI,1
3570374,PYCT,RI,1
3570375,KSCT,R2,1
3570375,RHCT,R2,2
3570375,HYCT,RI,2
3570377,KSCT,R2,2
3570377,HYCT,RI,2
3570381,HYCT,R2,1
3570381,KSCT,R2,1
3570381,PYCT,RI,1
3570381,R2CT,RI,1
3570389,RHCT,R2,1
3570389,HYCT,R2,1
3570389,KSCT,RI,1
3570389,PYCT,RI,1
3570392,RHCT,R2,1
3570392,HYCT,R2,1
3570392,PYCT,RI,1
3570392,R2CT,RI,1
3570395,KSCT,R2,1
3570395,RHCT,R2,2
3570395,PYCT,RI,1
3570395,BNCT,RI,2
3570398,KSCT,R2,1
3570398,RHCT,R2,2
3570398,HYCT,RI,2
3570401,KSCT,R2,2
3570401,RHCT,RI,2
3570402,HYCT,R2,1
3570402,KSCT,R2,1
3570402,RHCT,RI,2
3570404,RHCT,R2,1
3570404,HYCT,R2,1
3570404,KSCT,RI,1
3570404,PYCT,RI,1
3454729,CTCT,R2,1
3454729,ZWCT,R2,1
3454729,RHCT,RI,1
3454731,BNCT,R2,1
3454731,CTCT,RI,1
3454735,BNCT,R2,1
3454735,CTCT,RI,1
3454738,CTCT,R2,1
3454738,BNCT,RI,1
3454739,CTCT,R2,1
3454739,ZWCT,R2,1
3454739,RHCT,RI,1
3454709,CTCT,R2,1
3454709,ZWCT,R2,1
3454709,RHCT,RI,2.0
3454713,ZWCT,R2,1
3454713,CTCT,R2,1
3454713,RHCT,RI,1
3454719,BNCT,R2,1
3454721,CTCT,R2,1
3454721,RHCT,RI,1
3454724,CTCT,R2,1
3454724,BNCT,R2,1
3454724,ZWCT,RI,1
3454726,CTCT,R2,1
3454726,BNCT,R2,1
3454726,ZWCT,RI,1
3454726,RHCT,RI,1
3407230,ZWCT,R2,1.0
3407230,ZWCT,RI,1.0
3367746,ZWCT,R2,1
3367747,PYCT,R2,1
3367747,RHCT,RI,1
3367748,BNCT,R2,1
3367748,PYCT,R2,1
3367748,RHCT,RI,1
3407258,PYCT,R2,1
3492944,CTCT,R2,1
3492944,RHCT,R2,1
3492944,R2CT,RI,1
3492944,PTCT,RI,1
3492950,RHCT,R2,1
3492950,PYCT,RI,1
3492953,RHCT,R2,1
3492953,KSCT,R2,1
3492953,ZWCT,RI,1
3492956,PYCT,R2,1
3492956,PTCT,R2,1
3492956,R2CT,RI,1
3492959,RHCT,R2,1
3492959,KSCT,R2,1
3492959,CTCT,RI,1
3492962,RHCT,R2,1
3492962,KSCT,R2,1
3492962,CTCT,RI,1
3437046,RHCT,R2,1
3437060,PYCT,R2,1.0
3437060,PYCT,RI,1.0
3454616,BNCT,R2,1
3454616,PTCT,R2,1
3454616,PYCT,RI,2.0
3454619,PYCT,R2,1
3454619,RHCT,R2,1
3454619,CTCT,RI,1
3454621,RHCT,R2,1
3454621,PYCT,RI,1
3454622,PTCT,R2,1
3454605,PTCT,R2,2
3454605,RHCT,RI,2
3454607,PTCT,R2,1
3454607,RHCT,RI,1
3454609,PYCT,R2,1.0
3454609,PYCT,RI,1.0
3556830,HYCT,R2,1
3556830,PTCT,R2,2
3556830,PYCT,RI,1
3556830,CTCT,RI,1
3556832,HYCT,R2,1
3556832,PTCT,R2,2
3556832,PYCT,RI,1
3556832,CTCT,RI,1
3556834,HYCT,R2,1
3556834,CTCT,R2,1
3556834,PTCT,RI,2
3556835,HYCT,R2,1
3556835,PTCT,R2,2
3556835,PYCT,RI,1
3556835,BNCT,RI,1
3556837,BNCT,R2,1
3556837,CTCT,R2,1
3556837,PTCT,RI,1
3556837,PYCT,RI,1
3556839,BNCT,R2,1
3556839,PTCT,R2,2
3556839,PYCT,RI,1
3543805,HYCT,R2,1
3543805,KSCT,R2,1
3543805,PYCT,RI,1
3543805,RHCT,RI,1
3543806,HYCT,R2,2
3543806,RHCT,RI,1
3543806,PYCT,RI,2
3543807,RHCT,R2,2
3543807,PYCT,RI,1
3543808,PTCT,R2,2
3543808,PYCT,RI,1
3543813,RHCT,R2,1
3543813,KSCT,R2,1
3543813,PYCT,RI,1
3543813,PTCT,RI,1
3543815,RHCT,R2,1
3543815,HYCT,R2,1
3543815,KSCT,RI,1
3543815,PYCT,RI,1
3543799,PTCT,R2,1
3543799,ZWCT,RI,1
3543800,PTCT,R2,2
3543800,BNCT,RI,2
3543801,CTCT,R2,2
3543801,ZWCT,RI,2
3543802,BNCT,R2,2
3543802,CTCT,RI,2
3543803,PTCT,R2,2
3543803,BNCT,RI,2
3543804,CTCT,R2,1
3543804,BNCT,R2,1
3543804,PTCT,RI,1
3407350,PYCT,R2,1
3454411,BNCT,R2,1
3454411,RHCT,R2,1
3454411,PTCT,RI,2
3454417,BNCT,R2,1
3454417,KSCT,R2,1
3454417,RHCT,RI,1
3454420,HYCT,R2,1
3454425,BNCT,R2,1
3454425,CTCT,R2,1
3454425,KSCT,RI,1
3454425,PTCT,RI,2
3454429,BNCT,R2,2
3454429,PYCT,RI,1
3454429,CTCT,RI,1
3454432,KSCT,R2,1
3454432,HYCT,R2,1
3454432,PTCT,RI,2.0
3454434,KSCT,R2,1
3454434,BNCT,R2,1
3454434,PTCT,RI,1
3454434,ZWCT,RI,1
3454440,BNCT,R2,2
3454440,PTCT,RI,2.0
3454444,BNCT,R2,1
3454444,PTCT,R2,1
3454444,PYCT,RI,1
3454444,KSCT,RI,1
3454447,HYCT,R2,2
3454447,CTCT,RI,2
3454452,KSCT,R2,1
3454452,HYCT,R2,2
3454452,CTCT,RI,2
3454455,HYCT,R2,1
3454455,KSCT,R2,1
3454455,CTCT,RI,2
3363301,PYCT,R2,1.0
3363301,PYCT,RI,1.0
3413161,HYCT,R2,1
3413161,PYCT,RI,1
3300632,RHCT,R2,1
3300639,BNCT,R2,1
3300639,ZWCT,RI,1
3300644,RHCT,R2,1
3413181,PTCT,R2,1
3413181,HYCT,RI,1
3413182,PYCT,R2,1
3413182,PTCT,R2,1
3413182,HYCT,RI,1
3413184,CTCT,R2,1
3413184,PYCT,RI,1
3413185,R2CT,R2,1
3413185,HYCT,R2,1
3413185,PTCT,RI,1
3413185,KSCT,RI,1
3413186,PYCT,R2,1
3413187,PYCT,R2,1
3413187,HYCT,RI,1
3492965,HYCT,R2,1
3492965,RHCT,R2,1
3492965,KSCT,RI,1
3492965,CTCT,RI,1
3492972,RHCT,R2,1
3492972,HYCT,R2,1
3492972,KSCT,RI,1
3492972,BNCT,RI,1
3492976,KSCT,R2,2
3492976,HYCT,RI,2
3492980,KSCT,R2,2
3492980,HYCT,RI,2
3492983,RHCT,R2,1
3492983,HYCT,R2,1
3492983,KSCT,RI,1
3492983,BNCT,RI,2
3492985,RHCT,R2,1
3492985,HYCT,R2,1
3492985,KSCT,RI,1
3492985,CTCT,RI,2
3492988,RHCT,R2,1
3492988,HYCT,R2,1
3492988,KSCT,RI,1
3492988,CTCT,RI,2
3492992,KSCT,R2,1
3492992,BNCT,R2,1
3492992,R2CT,RI,1
3492992,PYCT,RI,1
3492994,KSCT,R2,2
3492994,HYCT,RI,2
3492997,KSCT,R2,2
3492997,HYCT,RI,2
3493001,RHCT,R2,1
3493001,HYCT,R2,1
3493001,KSCT,RI,1
3493001,BNCT,RI,2
3493004,RHCT,R2,1
3493004,HYCT,R2,1
3493004,KSCT,RI,1
3493004,CTCT,RI,2
3413081,ZWCT,R2,1
3588265,HYCT,R2,1
3588265,KSCT,R2,1
3588265,RHCT,RI,1
3588265,CTCT,RI,2
3588270,KSCT,R2,2
3588270,HYCT,RI,2
3588272,KSCT,R2,2
3588272,HYCT,RI,2
3588275,KSCT,R2,2
3588275,HYCT,RI,2
3588276,KSCT,R2,2
3588276,HYCT,RI,2
3588278,HYCT,R2,1
3588278,KSCT,R2,1
3588278,RHCT,RI,1
3588278,CTCT,RI,2
3588284,HYCT,R2,1
3588284,KSCT,R2,1
3588284,RHCT,RI,1
3588284,CTCT,RI,1
3588286,HYCT,R2,1
3588286,RHCT,R2,1
3588286,CTCT,RI,2
3588288,KSCT,R2,2
3588288,HYCT,RI,2
3588290,KSCT,R2,2
3588290,HYCT,RI,2
3588291,HYCT,R2,1
3588291,KSCT,R2,1
3588291,RHCT,RI,1
3588291,CTCT,RI,2
3588293,HYCT,R2,1
3588293,KSCT,R2,1
3588293,RHCT,RI,1
3588293,CTCT,RI,1
3383865,ZWCT,R2,1
3383891,ZWCT,R2,1
3383893,PTCT,R2,1
3383895,ZWCT,R2,1.0
3383895,ZWCT,RI,1.0
3383897,ZWCT,R2,1
3383898,PTCT,R2,1
3383900,ZWCT,R2,1
3383903,ZWCT,R2,2.0
3383903,ZWCT,RI,1.0
3383906,ZWCT,R2,1
3383908,PTCT,R2,2
3383908,ZWCT,RI,2.0
3383911,PTCT,R2,1.0
3383911,PTCT,RI,1.0
3383914,PYCT,R2,1
3383914,PTCT,R2,1
3383914,ZWCT,RI,1
3383945,PYCT,R2,1
3383955,ZWCT,R2,1
3367659,PYCT,R2,1.0
3367659,PYCT,RI,1.0
3367632,PYCT,R2,1
3367638,PYCT,R2,1
3543787,PTCT,R2,1
3543788,PTCT,R2,1
3543789,PTCT,R2,1
3543789,CTCT,RI,1
3543790,CTCT,R2,1
3543790,PTCT,RI,1
3543791,BNCT,R2,1
3543791,PTCT,RI,1
3543792,CTCT,R2,1
3543792,BNCT,R2,1
3543792,ZWCT,RI,1
3543792,PTCT,RI,1
3543793,CTCT,R2,2
3543793,ZWCT,RI,1
3543794,CTCT,R2,1
3543794,BNCT,R2,2
3543794,ZWCT,RI,2
3543795,BNCT,R2,2
3543795,CTCT,RI,2
3543796,CTCT,R2,1
3543796,BNCT,R2,1
3543796,ZWCT,RI,2
3543797,BNCT,R2,2
3543797,PTCT,RI,1
3543797,ZWCT,RI,1
3543798,PTCT,R2,2
3543798,BNCT,RI,2
3363259,ZWCT,R2,1
3367707,ZWCT,R2,1
3367720,ZWCT,R2,1
3367678,ZWCT,R2,1
3367683,ZWCT,R2,1.0
3367683,ZWCT,RI,1.0
3367686,PYCT,R2,1.0
3367686,PYCT,RI,1.0
3367691,BNCT,R2,1
3367691,PYCT,RI,1
3367698,BNCT,R2,1
3437184,PTCT,R2,1
3437184,ZWCT,R2,1
3437184,BNCT,RI,1
3437184,RHCT,RI,2.0
3437186,PTCT,R2,1
3437186,ZWCT,R2,1
3437186,BNCT,RI,1
3437186,RHCT,RI,2
3437189,PTCT,R2,1
3437189,ZWCT,R2,1
3437189,BNCT,RI,1
3437189,RHCT,RI,1
3437192,ZWCT,R2,1
3437192,BNCT,R2,1
3437192,PTCT,RI,1
3437192,RHCT,RI,1
3437195,ZWCT,R2,1
3437195,BNCT,R2,1
3437195,PTCT,RI,1
3437195,RHCT,RI,2.0
3437198,PTCT,R2,1
3437198,BNCT,R2,1
3437198,RHCT,RI,2
3437171,RHCT,R2,1.0
3437171,RHCT,RI,1.0
3437173,ZWCT,R2,2
3437173,RHCT,RI,2
3437175,PTCT,R2,1
3437175,RHCT,RI,1
3437180,ZWCT,R2,1
3437180,RHCT,RI,1
3437182,RHCT,R2,1
3543631,HYCT,R2,2
3543631,RHCT,RI,1
3543631,KSCT,RI,1
3543648,HYCT,R2,2
3543648,RHCT,RI,1
3543648,KSCT,RI,1
3543651,HYCT,R2,2
3543651,PTCT,RI,2
3543653,RHCT,R2,2
3543653,KSCT,RI,2
3543655,HYCT,R2,2
3543655,PTCT,RI,2
3543657,HYCT,R2,2
3543657,RHCT,RI,1
3543657,KSCT,RI,1
3543659,HYCT,R2,2
3543659,RHCT,RI,1
3543659,KSCT,RI,1
3543662,HYCT,R2,2
3543662,RHCT,RI,1
3543662,KSCT,RI,1
3543664,HYCT,R2,2
3543664,RHCT,RI,2
3543668,HYCT,R2,2
3543668,KSCT,RI,2
3543671,HYCT,R2,1
3543671,KSCT,R2,1
3543671,PTCT,RI,2
3543674,HYCT,R2,2
3543674,RHCT,RI,1
3543674,KSCT,RI,1
3543696,HYCT,R2,1
3543696,RHCT,R2,1
3543696,KSCT,RI,1
3543696,R2CT,RI,1
3543699,RHCT,R2,1
3543699,KSCT,R2,1
3543699,PTCT,RI,1
3543699,CTCT,RI,2
3543702,RHCT,R2,2
3543702,R2CT,RI,2
3543705,RHCT,R2,2
3543705,KSCT,RI,2
3543707,RHCT,R2,1
3543707,KSCT,R2,1
3543707,PYCT,RI,1
3543707,R2CT,RI,1
3543722,HYCT,R2,1
3543722,RHCT,R2,1
3543722,KSCT,RI,1
3543722,PTCT,RI,1
3543676,HYCT,R2,1
3543676,RHCT,R2,1
3543676,KSCT,RI,1
3543676,PTCT,RI,1
3543681,HYCT,R2,1
3543681,RHCT,R2,1
3543681,KSCT,RI,1
3543681,R2CT,RI,1
3543685,HYCT,R2,2
3543685,RHCT,RI,2
3543689,RHCT,R2,2
3543689,KSCT,RI,2
3543692,RHCT,R2,1
3543692,KSCT,R2,1
3543692,CTCT,RI,2
3543694,HYCT,R2,1
3543694,RHCT,R2,1
3543694,KSCT,RI,1
3543694,BNCT,RI,1
3570325,RHCT,R2,1
3570325,HYCT,R2,1
3570325,KSCT,RI,1
3570325,R2CT,RI,1
3570330,KSCT,R2,2
3570330,RHCT,RI,2
3570332,KSCT,R2,2
3570332,HYCT,RI,1
3570332,RHCT,RI,2
3570339,RHCT,R2,1
3570339,KSCT,R2,2
3570339,HYCT,RI,2
3570342,KSCT,R2,2
3570342,RHCT,RI,2
3570346,RHCT,R2,1
3570346,HYCT,R2,1
3570346,KSCT,RI,1
3570346,R2CT,RI,1
3570348,RHCT,R2,1
3570348,HYCT,R2,2
3570348,KSCT,RI,1
3570348,R2CT,RI,1
3570351,KSCT,R2,2
3570351,RHCT,RI,2
3570353,KSCT,R2,2
3570353,HYCT,RI,2
3570356,KSCT,R2,2
3570356,HYCT,RI,2
3570358,KSCT,R2,2
3570358,RHCT,RI,2
3570360,RHCT,R2,1
3570360,HYCT,R2,2
3570360,KSCT,RI,1
3570360,R2CT,RI,1
3245749,RHCT,R2,1
3245750,BNCT,R2,1
3412663,CTCT,R2,1
3331493,ZWCT,R2,1
3331494,ZWCT,R2,1
3331496,ZWCT,R2,1
3331487,ZWCT,R2,1
3331488,ZWCT,R2,1
3331490,ZWCT,R2,1
3412706,ZWCT,R2,1
3412725,ZWCT,R2,1
3412729,ZWCT,R2,1
3412732,BNCT,R2,1
3412732,ZWCT,R2,2
3412739,BNCT,R2,1
3412739,ZWCT,R2,2
3412739,HYCT,RI,1
3412740,ZWCT,R2,2
3412740,HYCT,RI,1
3412740,BNCT,RI,2
3412752,BNCT,R2,1
3412752,HYCT,RI,1
3412697,HYCT,R2,1.0
3412697,HYCT,RI,1.0
3412701,HYCT,R2,1
3412702,HYCT,R2,1
3412703,HYCT,R2,2.0
3412703,HYCT,RI,1.0
3245701,ZWCT,R2,1
3245694,ZWCT,R2,1
3245696,ZWCT,R2,2.0
3245696,ZWCT,RI,2.0
3407454,PYCT,R2,1
3407456,PYCT,R2,1
3407456,R2CT,RI,1
3407458,RHCT,R2,1
3407458,PYCT,RI,1
3407460,HYCT,R2,1
3412995,PYCT,R2,1
3413009,PYCT,R2,1
3367788,PYCT,R2,1
3277024,ZWCT,R2,1.0
3277024,ZWCT,RI,1.0
3383568,HYCT,R2,1
3383568,BNCT,RI,1
3543725,HYCT,R2,1
3543725,RHCT,R2,1
3543725,KSCT,RI,1
3543725,CTCT,RI,2
3543733,HYCT,R2,2
3543733,RHCT,RI,1
3543733,KSCT,RI,1
3543734,HYCT,R2,2
3543734,RHCT,RI,2
3543735,HYCT,R2,2
3543735,RHCT,RI,2
3543737,KSCT,R2,1
3543737,PYCT,R2,2
3543737,BNCT,RI,2
3543740,RHCT,R2,1
3543740,KSCT,R2,1
3543740,PTCT,RI,1
3543740,BNCT,RI,1
3543742,HYCT,R2,1
3543742,RHCT,R2,1
3543742,KSCT,RI,1
3543742,CTCT,RI,2
3543745,HYCT,R2,2
3543745,RHCT,RI,1
3543745,KSCT,RI,1
3543747,HYCT,R2,2
3543747,RHCT,RI,2
3543752,HYCT,R2,2
3543752,RHCT,RI,2
3543756,HYCT,R2,2
3543756,RHCT,RI,1
3543756,KSCT,RI,1
3543760,RHCT,R2,1
3543760,KSCT,R2,1
3543760,PTCT,RI,2
3543866,HYCT,R2,2
3543866,RHCT,RI,1
3543866,KSCT,RI,1
3543867,HYCT,R2,2
3543867,KSCT,RI,2
3543868,HYCT,R2,2
3543868,RHCT,RI,2
3543869,HYCT,R2,2
3543869,KSCT,RI,2
3543870,HYCT,R2,2
3543870,KSCT,RI,2
3543872,HYCT,R2,2
3543872,RHCT,RI,1
3543872,KSCT,RI,1
3543837,HYCT,R2,2
3543837,RHCT,RI,1
3543837,KSCT,RI,1
3543838,RHCT,R2,1
3543838,PYCT,R2,2
3543838,CTCT,RI,2
3543839,HYCT,R2,1
3543839,ZWCT,R2,1
3543839,RHCT,RI,1
3543839,PTCT,RI,1
3543840,CTCT,R2,1
3543840,PYCT,R2,2
3543840,RHCT,RI,1
3543840,BNCT,RI,1
3543841,ZWCT,R2,2
3543841,PYCT,RI,1
3543841,PTCT,RI,1
3543854,HYCT,R2,2
3543854,KSCT,RI,1
3543854,PYCT,RI,2
3588296,HYCT,R2,1
3588296,KSCT,R2,1
3588296,RHCT,RI,1
3588296,CTCT,RI,2
3588303,KSCT,R2,2
3588303,HYCT,RI,2
3588305,KSCT,R2,1
3588305,HYCT,R2,2
3588305,RHCT,RI,1
3588305,CTCT,RI,2
3588308,KSCT,R2,2
3588308,HYCT,RI,2
3588309,KSCT,R2,2
3588309,HYCT,RI,2
3588312,HYCT,R2,1
3588312,KSCT,R2,1
3588312,RHCT,RI,1
3588312,CTCT,RI,2
3588317,HYCT,R2,1
3588317,KSCT,R2,1
3588317,RHCT,RI,1
3588317,CTCT,RI,1
3588320,HYCT,R2,1
3588320,KSCT,R2,1
3588320,RHCT,RI,1
3588320,CTCT,RI,2
3588322,KSCT,R2,2
3588322,HYCT,RI,2
3588324,KSCT,R2,2
3588324,HYCT,RI,2
3588326,HYCT,R2,1
3588326,KSCT,R2,1
3588326,RHCT,RI,1
3588326,CTCT,RI,2
3588327,HYCT,R2,1
3588327,KSCT,R2,1
3588327,RHCT,RI,1
3588327,CTCT,RI,1
3454310,ZWCT,R2,1
3454317,ZWCT,R2,1
3454672,ZWCT,R2,2
3454672,RHCT,RI,1
3454677,BNCT,R2,1
3454677,ZWCT,RI,1
3454701,RHCT,R2,1
3454705,ZWCT,R2,1
3454705,RHCT,RI,1
3454657,RHCT,R2,1
3454662,BNCT,R2,1
3454662,ZWCT,R2,1
3454662,RHCT,RI,1
3454667,BNCT,R2,1
3454670,ZWCT,R2,1
3454670,BNCT,RI,1
3413040,RHCT,R2,2
3413040,PTCT,RI,1
3413040,ZWCT,RI,2
3413047,RHCT,R2,2
3413047,ZWCT,RI,1
3413049,ZWCT,R2,1
3413049,RHCT,RI,1
3413051,ZWCT,R2,1
3413051,RHCT,RI,1
3413054,RHCT,R2,1
3413054,PTCT,RI,1
3413055,RHCT,R2,1
3413057,ZWCT,R2,2
3413057,HYCT,RI,1
3413059,ZWCT,R2,1
3413063,ZWCT,R2,2.0
3413063,ZWCT,RI,1.0
3413065,ZWCT,R2,1
3413066,ZWCT,R2,1
3436913,ZWCT,R2,1
3436913,RHCT,RI,1
3436916,RHCT,R2,1
3436921,ZWCT,R2,1
3588360,HYCT,R2,1
3588360,KSCT,R2,1
3588360,RHCT,RI,1
3588360,PTCT,RI,1
3588364,HYCT,R2,1
3588364,KSCT,R2,1
3588364,RHCT,RI,1
3588364,CTCT,RI,2
3588366,HYCT,R2,1
3588366,KSCT,R2,1
3588366,RHCT,RI,1
3588366,CTCT,RI,2
3588368,HYCT,R2,1
3588368,KSCT,R2,1
3588368,RHCT,RI,1
3588368,CTCT,RI,2
3588371,HYCT,R2,1
3588371,KSCT,R2,1
3588371,RHCT,RI,1
3588371,CTCT,RI,2
3588373,HYCT,R2,1
3588373,KSCT,R2,1
3588373,RHCT,RI,1
3588373,PTCT,RI,1
3588330,HYCT,R2,1
3588330,KSCT,R2,1
3588330,RHCT,RI,1
3588330,PTCT,RI,1
3588347,HYCT,R2,1
3588347,KSCT,R2,1
3588347,RHCT,RI,1
3588347,CTCT,RI,2
3588349,HYCT,R2,1
3588349,KSCT,R2,1
3588349,RHCT,RI,1
3588349,CTCT,RI,2
3588353,HYCT,R2,1
3588353,KSCT,R2,1
3588353,RHCT,RI,1
3588353,CTCT,RI,2
3588356,HYCT,R2,1
3588356,KSCT,R2,1
3588356,RHCT,RI,1
3588356,CTCT,RI,2
3588358,KSCT,R2,1
3588358,RHCT,R2,1
3588358,PTCT,RI,1
3588358,CTCT,RI,1
3407406,BNCT,R2,1
3407406,ZWCT,R2,2
3407406,PTCT,RI,1
3407413,ZWCT,R2,1
3407415,ZWCT,R2,1
3407418,PTCT,R2,2.0
3407418,PTCT,RI,1.0
3407418,PYCT,RI,1
3407421,BNCT,R2,1
3407421,PYCT,R2,2
3407421,ZWCT,RI,1
3588637,HYCT,R2,1
3588637,KSCT,R2,1
3588637,RHCT,RI,1
3588637,CTCT,RI,1
3588379,HYCT,R2,1
3588379,KSCT,R2,1
3588379,RHCT,RI,1
3588379,CTCT,RI,2
3588381,KSCT,R2,1
3588381,HYCT,R2,2
3588381,RHCT,RI,1
3588381,CTCT,RI,2
3588383,KSCT,R2,2
3588383,HYCT,RI,2
3588385,HYCT,R2,1
3588385,KSCT,R2,1
3588385,RHCT,RI,1
3588385,CTCT,RI,2
3588387,HYCT,R2,1
3588387,KSCT,R2,1
3588387,RHCT,RI,1
3588387,CTCT,RI,1
3588390,HYCT,R2,1
3588390,KSCT,R2,1
3588390,RHCT,RI,1
3588390,CTCT,RI,1
3588392,HYCT,R2,1
3588392,KSCT,R2,1
3588392,RHCT,RI,1
3588392,CTCT,RI,2
3588395,KSCT,R2,2
3588395,HYCT,RI,2
3588397,KSCT,R2,2
3588397,HYCT,RI,2
3588399,HYCT,R2,1
3588399,KSCT,R2,1
3588399,RHCT,RI,1
3588399,CTCT,RI,2
3588402,HYCT,R2,1
3588402,KSCT,R2,1
3588402,RHCT,RI,1
3588402,CTCT,RI,1
3493068,BNCT,R2,1
3493068,CTCT,R2,2
3493068,PTCT,RI,1
3493072,BNCT,R2,1
3493072,CTCT,RI,1
3493073,CTCT,R2,1
3493073,PTCT,R2,1
3493073,BNCT,RI,1
3493081,PTCT,R2,1
3493081,CTCT,RI,1
3493083,PTCT,R2,1
3493083,CTCT,R2,1
3493083,BNCT,RI,1
3493083,RHCT,RI,1
3493086,BNCT,R2,1
3493086,CTCT,R2,2
3493086,PTCT,RI,1
3493086,ZWCT,RI,1
3493095,BNCT,R2,1
3493095,CTCT,R2,1
3493095,PTCT,RI,1
3493095,ZWCT,RI,1
3493100,CTCT,R2,2
3493100,BNCT,RI,1
3493100,PTCT,RI,1
3493104,BNCT,R2,1
3493104,CTCT,R2,1
3493104,PTCT,RI,1
3493104,PYCT,RI,1
3493107,BNCT,R2,1
3493107,PTCT,R2,1
3493107,ZWCT,RI,2
3493110,CTCT,R2,1
3493110,PTCT,R2,1
3493110,ZWCT,RI,1
3493110,R2CT,RI,1
3493113,BNCT,R2,1
3493113,CTCT,R2,1
3493113,PTCT,RI,1
3493113,ZWCT,RI,1
3588649,HYCT,R2,1
3588649,RHCT,R2,1
3588649,PTCT,RI,1
3588649,R2CT,RI,1
3588650,HYCT,R2,1
3588650,KSCT,R2,1
3588650,RHCT,RI,1
3588650,PTCT,RI,1
3588652,HYCT,R2,1
3588652,KSCT,R2,1
3588652,RHCT,RI,1
3588652,BNCT,RI,2
3588654,HYCT,R2,1
3588654,KSCT,R2,1
3588654,RHCT,RI,1
3588654,BNCT,RI,2
3588656,HYCT,R2,1
3588656,KSCT,R2,1
3588656,RHCT,RI,1
3588656,PTCT,RI,1
3588659,HYCT,R2,1
3588659,RHCT,R2,1
3588659,PTCT,RI,1
3588659,CTCT,RI,1
3588642,HYCT,R2,1
3588642,RHCT,R2,1
3588642,PTCT,RI,1
3588642,CTCT,RI,1
3588643,HYCT,R2,1
3588643,KSCT,R2,1
3588643,RHCT,RI,1
3588643,PTCT,RI,1
3588644,HYCT,R2,1
3588644,KSCT,R2,1
3588644,RHCT,RI,1
3588644,BNCT,RI,2
3588645,HYCT,R2,1
3588645,KSCT,R2,1
3588645,RHCT,RI,1
3588645,BNCT,RI,2
3588646,HYCT,R2,1
3588646,KSCT,R2,1
3588646,RHCT,RI,1
3588646,PTCT,RI,1
3588647,HYCT,R2,1
3588647,RHCT,R2,1
3588647,PTCT,RI,1
3588647,CTCT,RI,1
3363330,PTCT,R2,1
3363331,PTCT,R2,1.0
3363331,PTCT,RI,1.0
3363332,PTCT,R2,2.0
3363332,PTCT,RI,1.0
3363333,PTCT,R2,1.0
3363333,PTCT,RI,1.0
3493069,ZWCT,R2,1
3493069,PYCT,R2,1
3493069,CTCT,RI,1
3493069,KSCT,RI,1
3493071,BNCT,R2,1
3493071,PYCT,R2,1
3493071,PTCT,RI,1
3493074,CTCT,R2,1
3493077,PYCT,R2,1
3493080,PYCT,R2,1
3493080,CTCT,RI,1
3493084,PYCT,R2,1
3493084,HYCT,RI,1
3493054,HYCT,R2,1
3493054,PYCT,R2,1
3493054,PTCT,RI,1
3493056,PTCT,R2,1
3493056,PYCT,RI,1
3493059,HYCT,R2,1
3493059,PTCT,R2,1
3493059,PYCT,RI,1
3493059,BNCT,RI,1
3493062,PTCT,R2,1
3493062,PYCT,R2,1
3493062,RHCT,RI,1
3493064,HYCT,R2,1
3493064,BNCT,R2,1
3493064,PTCT,RI,1
3493064,PYCT,RI,1
3493067,PYCT,R2,1
3493041,RHCT,R2,1
3493041,KSCT,R2,1
3493041,CTCT,RI,1
3493041,R2CT,RI,1
3493044,R2CT,R2,1
3493044,PYCT,R2,1
3493044,ZWCT,RI,1
3493044,PTCT,RI,1
3493047,KSCT,R2,2
3493047,BNCT,RI,1
3493047,PYCT,RI,1
3493049,BNCT,R2,1
3493049,HYCT,R2,1
3493049,KSCT,RI,1
3493049,PYCT,RI,1
3493050,HYCT,R2,1
3493050,BNCT,R2,1
3493050,CTCT,RI,1
3493050,PTCT,RI,1
3493052,RHCT,R2,1
3493052,HYCT,R2,1
3493052,BNCT,RI,1
3493052,CTCT,RI,1
3395711,ZWCT,R2,1
3159462,PYCT,R2,1
3159455,PYCT,R2,1
3454365,HYCT,R2,2
3454365,KSCT,RI,2
3454379,HYCT,R2,2
3454379,KSCT,RI,2
3454387,RHCT,R2,2
3454387,R2CT,RI,1
3454387,PYCT,RI,1
3454392,KSCT,R2,2
3454392,R2CT,RI,1
3454392,PYCT,RI,1
3454399,RHCT,R2,2
3454399,KSCT,RI,1
3454399,PYCT,RI,1
3454403,HYCT,R2,2
3454403,KSCT,RI,2
3454409,HYCT,R2,2
3454409,RHCT,RI,1
3454409,PYCT,RI,2
3454412,HYCT,R2,2
3454412,KSCT,RI,2
3454416,CTCT,R2,1
3454416,ZWCT,R2,1
3454416,PTCT,RI,1
3454416,R2CT,RI,1
3454423,RHCT,R2,1
3454423,KSCT,R2,2
3454423,R2CT,RI,1
3454423,PTCT,RI,1
3454430,PYCT,R2,1
3454430,PTCT,R2,2
3454430,BNCT,RI,2
3454436,HYCT,R2,2
3454436,RHCT,RI,1
3454436,KSCT,RI,2
3245626,ZWCT,R2,1.0
3245626,ZWCT,RI,1.0
3245627,ZWCT,R2,1.0
3245627,ZWCT,RI,1.0
3245633,R2CT,R2,1
3245633,ZWCT,R2,2.0
3245633,ZWCT,RI,1.0
3245634,PTCT,R2,2
3245634,ZWCT,RI,2.0
3245635,ZWCT,R2,1.0
3245635,ZWCT,RI,1.0
3245636,ZWCT,R2,1.0
3245636,ZWCT,RI,1.0
3245637,ZWCT,R2,1
3245637,PTCT,RI,1
3413012,BNCT,R2,1
3413016,PYCT,R2,1
3413025,KSCT,R2,1
3413029,BNCT,R2,2
3413029,KSCT,RI,2
3413035,KSCT,R2,2
3413035,PYCT,RI,1
3413035,CTCT,RI,1
3412982,ZWCT,R2,2
3412982,RHCT,RI,1
3412992,R2CT,R2,2
3412992,RHCT,RI,1
3412992,ZWCT,RI,1
3412996,R2CT,R2,1
3412996,RHCT,R2,1
3412996,ZWCT,RI,1
3413001,ZWCT,R2,2.0
3413001,ZWCT,RI,1.0
3413001,R2CT,RI,1
3413003,ZWCT,R2,2
3413003,RHCT,RI,2
3413008,ZWCT,R2,2
3413008,RHCT,RI,1
3413008,R2CT,RI,2
3492999,RHCT,R2,1
3492999,HYCT,R2,1
3492999,KSCT,RI,1
3492999,PTCT,RI,1
3493034,KSCT,R2,2
3493034,BNCT,RI,2
3493036,KSCT,R2,2
3493036,HYCT,RI,2
3493039,KSCT,R2,2
3493039,RHCT,RI,2
3493040,KSCT,R2,2
3493040,HYCT,RI,2
3493043,RHCT,R2,1
3493043,KSCT,R2,1
3493043,CTCT,RI,1
3493043,BNCT,RI,1
3543779,HYCT,R2,2
3543779,RHCT,RI,1
3543779,KSCT,RI,1
3543781,HYCT,R2,1
3543781,RHCT,R2,1
3543781,CTCT,RI,2
3543783,HYCT,R2,2
3543783,RHCT,RI,2
3543784,HYCT,R2,1
3543784,KSCT,R2,2
3543784,PYCT,RI,2
3543785,KSCT,R2,1
3543785,CTCT,R2,2
3543785,PTCT,RI,2
3543786,HYCT,R2,1
3543786,KSCT,R2,1
3543786,BNCT,RI,2
3543763,HYCT,R2,2
3543763,RHCT,RI,1
3543763,KSCT,RI,1
3543769,HYCT,R2,2
3543769,RHCT,RI,1
3543769,KSCT,RI,1
3543772,HYCT,R2,2
3543772,RHCT,RI,2
3543774,KSCT,R2,2
3543774,PYCT,RI,2
3543776,RHCT,R2,1
3543776,KSCT,R2,1
3543776,PYCT,RI,2
3543778,KSCT,R2,1
3543778,PTCT,R2,2
3543778,BNCT,RI,1
3543778,PYCT,RI,1
3588404,HYCT,R2,1
3588404,KSCT,R2,1
3588404,RHCT,RI,1
3588404,CTCT,RI,2
3588409,KSCT,R2,2
3588409,HYCT,RI,2
3588410,KSCT,R2,2
3588410,HYCT,RI,2
3588413,KSCT,R2,2
3588413,HYCT,RI,2
3588415,KSCT,R2,2
3588415,HYCT,RI,2
3588418,HYCT,R2,1
3588418,KSCT,R2,1
3588418,RHCT,RI,1
3588418,CTCT,RI,2
3588420,HYCT,R2,1
3588420,KSCT,R2,1
3588420,RHCT,RI,1
3588420,CTCT,RI,1
3588422,HYCT,R2,1
3588422,KSCT,R2,1
3588422,RHCT,RI,1
3588422,CTCT,RI,2
3588424,KSCT,R2,2
3588424,HYCT,RI,2
3588426,HYCT,R2,1
3588426,KSCT,R2,2
3588426,RHCT,RI,1
3588426,CTCT,RI,2
3588428,HYCT,R2,1
3588428,KSCT,R2,1
3588428,RHCT,RI,1
3588428,CTCT,RI,2
3588429,HYCT,R2,1
3588429,KSCT,R2,1
3588429,RHCT,RI,1
3588429,CTCT,RI,1
3588431,HYCT,R2,1
3588431,KSCT,R2,1
3588431,RHCT,RI,1
3588431,CTCT,RI,2
3588437,KSCT,R2,2
3588437,HYCT,RI,2
3588443,KSCT,R2,2
3588443,HYCT,RI,2
3588445,KSCT,R2,2
3588445,HYCT,RI,2
3588447,KSCT,R2,2
3588447,HYCT,RI,2
3588450,HYCT,R2,1
3588450,KSCT,R2,1
3588450,RHCT,RI,1
3588450,CTCT,RI,2
3588452,HYCT,R2,1
3588452,KSCT,R2,1
3588452,RHCT,RI,1
3588452,CTCT,RI,1
3588456,HYCT,R2,1
3588456,KSCT,R2,1
3588456,RHCT,RI,1
3588456,CTCT,RI,2
3588458,KSCT,R2,2
3588458,HYCT,RI,2
3588461,KSCT,R2,2
3588461,HYCT,RI,2
3588463,HYCT,R2,1
3588463,KSCT,R2,1
3588463,RHCT,RI,1
3588463,CTCT,RI,2
3588465,KSCT,R2,1
3588465,RHCT,R2,1
3588465,CTCT,RI,1
3588465,R2CT,RI,1
3084321,ZWCT,R2,1
3084335,ZWCT,R2,1.0
3084335,ZWCT,RI,1.0
3084338,ZWCT,R2,2.0
3084338,ZWCT,RI,1.0
3229425,ZWCT,R2,2.0
3229425,ZWCT,RI,1.0
3229425,PTCT,RI,2
3229427,PTCT,R2,1
3437130,PTCT,R2,1
3437134,PTCT,R2,1
3437134,CTCT,RI,1
3437136,KSCT,R2,1
3437136,PYCT,RI,1
3437138,PTCT,R2,1.0
3437138,PTCT,RI,1.0
3437139,PTCT,R2,1
3437139,PYCT,RI,1
3437142,PYCT,R2,1
3437144,KSCT,R2,1
3437144,PTCT,R2,2
3437146,KSCT,R2,1
3437146,PYCT,R2,1
3437146,PTCT,RI,1
3437148,KSCT,R2,2
3437148,PTCT,RI,1
3437148,PYCT,RI,1
3437151,PYCT,R2,2
3437151,PTCT,RI,2.0
3437152,PTCT,R2,1
3437152,PYCT,RI,1
3412901,HYCT,R2,1
3412901,R2CT,R2,1
3412901,RHCT,RI,2
3412903,HYCT,R2,1
3412904,HYCT,R2,1
3412906,HYCT,R2,1
3412906,R2CT,R2,1
3412906,RHCT,RI,2
3412907,HYCT,R2,1
3412907,R2CT,R2,2.0
3412907,R2CT,RI,1.0
3412909,RHCT,R2,1
3412912,CTCT,R2,1
3412913,BNCT,R2,1
3412913,HYCT,RI,1
3412914,HYCT,R2,1
3412914,RHCT,RI,1
3412915,HYCT,R2,1
3331508,RHCT,R2,1
3454111,KSCT,R2,1
3454111,R2CT,R2,1
3454111,RHCT,RI,2
3454115,KSCT,R2,1
3454115,RHCT,R2,2
3454122,PTCT,R2,1
3454122,PYCT,R2,1
3454122,CTCT,RI,1
3454122,RHCT,RI,1
3454125,KSCT,R2,2
3454125,R2CT,RI,1
3454125,RHCT,RI,2.0
3454127,KSCT,R2,1
3454127,R2CT,RI,1
3454135,RHCT,R2,1
3454140,PTCT,R2,1
3454154,PTCT,R2,1
3454154,KSCT,R2,1
3454154,RHCT,RI,1
3454156,PYCT,R2,1
3454156,PTCT,R2,1
3454156,KSCT,RI,2
3454158,PYCT,R2,1
3454158,KSCT,R2,1
3454158,PTCT,RI,1
3454161,PYCT,R2,1
3454161,KSCT,RI,1
3454163,PYCT,R2,1
3454163,PTCT,RI,1
3543816,RHCT,R2,1
3543816,KSCT,R2,1
3543816,PTCT,RI,1
3543816,BNCT,RI,1
3543819,HYCT,R2,1
3543819,RHCT,R2,1
3543819,KSCT,RI,1
3543819,BNCT,RI,1
3543820,RHCT,R2,1
3543820,KSCT,R2,1
3543820,PTCT,RI,1
3543820,BNCT,RI,1
3543821,HYCT,R2,1
3543821,RHCT,R2,1
3543821,KSCT,RI,1
3543821,PTCT,RI,1
3543822,RHCT,R2,1
3543822,KSCT,R2,1
3543822,PTCT,RI,1
3543822,BNCT,RI,1
3543823,HYCT,R2,1
3543823,RHCT,R2,1
3543823,KSCT,RI,1
3543823,PTCT,RI,1
3543824,RHCT,R2,1
3543824,KSCT,R2,1
3543824,PTCT,RI,1
3543824,BNCT,RI,1
3543825,HYCT,R2,1
3543825,RHCT,R2,1
3543825,KSCT,RI,1
3543825,PTCT,RI,1
3543826,HYCT,R2,1
3543826,RHCT,R2,1
3543826,KSCT,RI,1
3543826,PTCT,RI,1
3543827,RHCT,R2,1
3543827,KSCT,R2,1
3543827,BNCT,RI,1
3543827,PYCT,RI,1
3543828,HYCT,R2,1
3543828,RHCT,R2,1
3543828,KSCT,RI,1
3543828,PTCT,RI,1
3543831,HYCT,R2,1
3543831,RHCT,R2,1
3543831,KSCT,RI,1
3543831,PTCT,RI,1
3407279,ZWCT,R2,1
3407283,RHCT,R2,1
3407285,CTCT,R2,1
3407293,CTCT,R2,1
3407299,CTCT,R2,1
3407299,ZWCT,RI,1
3407305,ZWCT,R2,1.0
3407305,ZWCT,RI,1.0
3407267,PYCT,R2,1.0
3407267,PYCT,RI,1.0
3407269,PYCT,R2,1
3407269,ZWCT,RI,1
3407271,CTCT,R2,1
3407275,ZWCT,R2,1
3407277,ZWCT,R2,1
3294647,ZWCT,R2,1.0
3294647,ZWCT,RI,1.0
3543672,HYCT,R2,1
3543672,RHCT,R2,1
3543672,KSCT,RI,1
3543672,BNCT,RI,1
3543677,HYCT,R2,1
3543677,RHCT,R2,1
3543677,KSCT,RI,1
3543677,PTCT,RI,1
3543678,HYCT,R2,1
3543678,RHCT,R2,1
3543678,KSCT,RI,1
3543678,BNCT,RI,1
3543680,HYCT,R2,1
3543680,RHCT,R2,1
3543680,KSCT,RI,1
3543680,PTCT,RI,1
3543683,HYCT,R2,1
3543683,KSCT,R2,1
3543683,PTCT,RI,1
3543683,BNCT,RI,1
3543686,HYCT,R2,1
3543686,RHCT,R2,1
3543686,KSCT,RI,1
3543686,PTCT,RI,1
3543643,HYCT,R2,1
3543643,RHCT,R2,1
3543643,KSCT,RI,1
3543643,PTCT,RI,1
3543658,RHCT,R2,1
3543658,HYCT,R2,1
3543658,BNCT,RI,1
3543658,PTCT,RI,1
3543661,HYCT,R2,1
3543661,RHCT,R2,1
3543661,KSCT,RI,1
3543661,PTCT,RI,1
3543663,HYCT,R2,1
3543663,RHCT,R2,1
3543663,KSCT,RI,1
3543663,PTCT,RI,1
3543666,HYCT,R2,1
3543666,KSCT,R2,1
3543666,BNCT,RI,1
3543666,PYCT,RI,1
3543669,HYCT,R2,1
3543669,KSCT,R2,1
3543669,PTCT,RI,1
3543669,BNCT,RI,1
3492909,KSCT,R2,1
3492909,BNCT,R2,1
3492909,RHCT,RI,1
3492912,PYCT,R2,1
3492912,CTCT,R2,1
3492912,RHCT,RI,1
3492914,RHCT,R2,1
3492914,KSCT,R2,1
3492914,PTCT,RI,1
3492914,BNCT,RI,1
3492917,KSCT,R2,2
3492917,HYCT,RI,1
3492917,PYCT,RI,2
3492920,KSCT,R2,1
3492920,PYCT,R2,1
3492920,CTCT,RI,1
3492920,PTCT,RI,1
3493048,KSCT,R2,1
3493048,CTCT,R2,2
3493048,BNCT,RI,1
3493048,PYCT,RI,1
3492890,PYCT,R2,1
3492897,RHCT,R2,1
3492897,HYCT,R2,1
3492897,CTCT,RI,1
3492897,PTCT,RI,1
3492900,KSCT,R2,1
3492900,R2CT,R2,1
3492900,ZWCT,RI,1
3492900,PTCT,RI,1
3492903,KSCT,R2,2
3492903,RHCT,RI,2
3492905,RHCT,R2,1
3492905,HYCT,R2,1
3492905,KSCT,RI,1
3492905,CTCT,RI,1
3492907,RHCT,R2,1
3492907,HYCT,R2,1
3492907,KSCT,RI,1
3492907,BNCT,RI,1
3588472,HYCT,R2,1
3588472,KSCT,R2,1
3588472,RHCT,RI,1
3588472,CTCT,RI,2
3588476,KSCT,R2,2
3588476,HYCT,RI,2
3588478,KSCT,R2,2
3588478,HYCT,RI,2
3588481,KSCT,R2,2
3588481,HYCT,RI,2
3588483,KSCT,R2,2
3588483,HYCT,RI,2
3588484,KSCT,R2,1
3588484,RHCT,R2,1
3588484,CTCT,RI,2
3588487,HYCT,R2,1
3588487,KSCT,R2,1
3588487,RHCT,RI,1
3588487,PTCT,RI,1
3588488,HYCT,R2,1
3588488,KSCT,R2,1
3588488,RHCT,RI,1
3588488,CTCT,RI,2
3588490,KSCT,R2,2
3588490,HYCT,RI,2
3588492,KSCT,R2,2
3588492,HYCT,RI,2
3588495,HYCT,R2,1
3588495,KSCT,R2,1
3588495,RHCT,RI,1
3588495,CTCT,RI,2
3588498,KSCT,R2,1
3588498,RHCT,R2,1
3588498,PTCT,RI,1
3588498,CTCT,RI,1
3588547,HYCT,R2,1
3588547,KSCT,R2,1
3588547,RHCT,RI,1
3588547,CTCT,RI,1
3588555,HYCT,R2,1
3588555,KSCT,R2,1
3588555,RHCT,RI,1
3588555,CTCT,RI,2
3588558,KSCT,R2,2
3588558,HYCT,RI,2
3588560,KSCT,R2,2
3588560,HYCT,RI,2
3588565,HYCT,R2,1
3588565,KSCT,R2,1
3588565,RHCT,RI,1
3588565,CTCT,RI,2
3588568,HYCT,R2,1
3588568,KSCT,R2,1
3588568,RHCT,RI,1
3588568,CTCT,RI,1
3588570,HYCT,R2,1
3588570,KSCT,R2,1
3588570,RHCT,RI,1
3588570,PTCT,RI,1
3588572,HYCT,R2,1
3588572,KSCT,R2,1
3588572,RHCT,RI,1
3588572,CTCT,RI,2
3588575,KSCT,R2,2
3588575,HYCT,RI,2
3588577,KSCT,R2,2
3588577,HYCT,RI,2
3588580,HYCT,R2,1
3588580,KSCT,R2,1
3588580,RHCT,RI,1
3588580,CTCT,RI,2
3588582,HYCT,R2,1
3588582,KSCT,R2,1
3588582,RHCT,RI,1
3588582,PTCT,RI,1
3588585,HYCT,R2,1
3588585,KSCT,R2,1
3588585,RHCT,RI,1
3588585,PTCT,RI,1
3588589,HYCT,R2,1
3588589,KSCT,R2,1
3588589,RHCT,RI,1
3588589,CTCT,RI,2
3588591,KSCT,R2,2
3588591,HYCT,RI,2
3588593,KSCT,R2,2
3588593,HYCT,RI,2
3588596,HYCT,R2,1
3588596,KSCT,R2,1
3588596,RHCT,RI,1
3588596,PTCT,RI,1
3588600,HYCT,R2,1
3588600,KSCT,R2,1
3588600,RHCT,RI,1
3588600,PTCT,RI,1
3588605,HYCT,R2,1
3588605,KSCT,R2,1
3588605,RHCT,RI,1
3588605,PTCT,RI,1
3588608,HYCT,R2,1
3588608,KSCT,R2,1
3588608,RHCT,RI,1
3588608,CTCT,RI,2
3588610,KSCT,R2,2
3588610,HYCT,RI,2
3588613,KSCT,R2,2
3588613,HYCT,RI,2
3588616,KSCT,R2,1
3588616,RHCT,R2,1
3588616,CTCT,RI,2
3588619,HYCT,R2,1
3588619,KSCT,R2,1
3588619,RHCT,RI,1
3588619,PTCT,RI,1
3588333,HYCT,R2,1
3588333,KSCT,R2,1
3588333,RHCT,RI,1
3588333,CTCT,RI,1
3588335,HYCT,R2,1
3588335,KSCT,R2,1
3588335,RHCT,RI,1
3588335,CTCT,RI,2
3588338,KSCT,R2,2
3588338,HYCT,RI,2
3588340,KSCT,R2,2
3588340,HYCT,RI,2
3588341,HYCT,R2,1
3588341,KSCT,R2,1
3588341,RHCT,RI,1
3588341,CTCT,RI,2
3588345,HYCT,R2,1
3588345,KSCT,R2,1
3588345,RHCT,RI,1
3588345,CTCT,RI,1
3588346,HYCT,R2,1
3588346,KSCT,R2,1
3588346,RHCT,RI,1
3588346,CTCT,RI,1
3588350,HYCT,R2,1
3588350,KSCT,R2,1
3588350,RHCT,RI,1
3588350,CTCT,RI,2
3588355,KSCT,R2,2
3588355,HYCT,RI,2
3588357,KSCT,R2,2
3588357,HYCT,RI,2
3588361,HYCT,R2,1
3588361,KSCT,R2,1
3588361,RHCT,RI,1
3588361,CTCT,RI,2
3588362,HYCT,R2,1
3588362,KSCT,R2,1
3588362,RHCT,RI,1
3588362,CTCT,RI,1
3454582,BNCT,R2,1
3454582,CTCT,R2,1
3454582,RHCT,RI,2
3454584,BNCT,R2,1
3454584,CTCT,R2,1
3454584,RHCT,RI,2
3454587,BNCT,R2,1
3454590,BNCT,R2,1
3454590,ZWCT,R2,1
3454590,CTCT,RI,1
3454590,RHCT,RI,1
3454593,BNCT,R2,1
3454593,ZWCT,R2,1
3454593,CTCT,RI,1
3454593,RHCT,RI,1
3454595,CTCT,R2,1.0
3454595,CTCT,RI,1.0
3454571,BNCT,R2,2
3454571,RHCT,RI,2.0
3454574,BNCT,R2,1
3454574,RHCT,RI,1
3454576,BNCT,R2,1
3454579,BNCT,R2,1
3454579,CTCT,RI,1
3454580,CTCT,R2,1
3454580,ZWCT,R2,1
3454580,BNCT,RI,1
3454580,RHCT,RI,2
3454623,PYCT,R2,1
3454623,CTCT,R2,1
3454623,PTCT,RI,1
3454623,ZWCT,RI,1
3454629,PYCT,R2,1
3454629,PTCT,R2,1
3454629,ZWCT,RI,1
3454629,RHCT,RI,2.0
3454632,CTCT,R2,2
3454632,HYCT,RI,1
3454632,PYCT,RI,2.0
3454634,HYCT,R2,2
3454634,RHCT,RI,2
3454641,HYCT,R2,1
3454602,CTCT,R2,1
3454602,ZWCT,R2,1
3454602,PYCT,RI,1
3454602,RHCT,RI,2.0
3454608,RHCT,R2,1
3454608,PTCT,R2,1
3454608,ZWCT,RI,1
3454610,BNCT,R2,1
3454610,R2CT,R2,1
3454610,RHCT,RI,2
3454615,HYCT,R2,1
3454615,KSCT,R2,1
3454615,CTCT,RI,1
3454615,PYCT,RI,2
3454617,PYCT,R2,1
3454617,RHCT,R2,2.0
3454617,RHCT,RI,1.0
3454620,RHCT,R2,1.0
3454620,RHCT,RI,1.0
3493051,KSCT,R2,1
3493051,R2CT,R2,1
3493051,RHCT,RI,2
3493057,BNCT,R2,1
3493057,RHCT,RI,1
3493061,R2CT,R2,1
3493061,KSCT,RI,1
3493063,HYCT,R2,1
3493063,KSCT,R2,1
3493063,BNCT,RI,1
3493063,RHCT,RI,1
3493066,HYCT,R2,1
3493066,KSCT,R2,1
3493066,PYCT,RI,1
3493066,R2CT,RI,1
3493020,KSCT,R2,1
3493037,KSCT,R2,1
3493045,KSCT,R2,1
3493045,ZWCT,RI,1
3237150,ZWCT,R2,2.0
3237150,ZWCT,RI,1.0
3588416,HYCT,R2,1
3588416,PTCT,R2,1
3588416,BNCT,RI,1
3588416,CTCT,RI,1
3588430,HYCT,R2,1
3588430,PTCT,R2,1
3588430,CTCT,RI,1
3588430,R2CT,RI,1
3588432,HYCT,R2,1
3588432,CTCT,R2,1
3588432,R2CT,RI,1
3588432,PTCT,RI,2
3588434,HYCT,R2,1
3588434,CTCT,R2,1
3588434,R2CT,RI,1
3588434,PTCT,RI,2
3588438,HYCT,R2,1
3588438,PTCT,R2,1
3588438,CTCT,RI,1
3588438,R2CT,RI,1
3588440,HYCT,R2,1
3588440,PTCT,R2,1
3588440,BNCT,RI,1
3588440,CTCT,RI,1
3588444,PTCT,R2,1
3588444,BNCT,R2,1
3588444,CTCT,RI,1
3588444,ZWCT,RI,1
3588448,CTCT,R2,1
3588448,BNCT,R2,1
3588448,PTCT,RI,2
3588451,CTCT,R2,1
3588451,BNCT,R2,1
3588451,PTCT,RI,2
3588453,CTCT,R2,1
3588453,BNCT,R2,1
3588453,PTCT,RI,2
3588457,CTCT,R2,1
3588457,BNCT,R2,1
3588457,PTCT,RI,2
3588459,PTCT,R2,1
3588459,BNCT,R2,1
3588459,CTCT,RI,1
3588459,ZWCT,RI,1
3493087,HYCT,R2,1
3493087,KSCT,R2,1
3493087,CTCT,RI,2
3493093,KSCT,R2,2
3493093,HYCT,RI,2
3493096,CTCT,R2,1
3493096,BNCT,R2,2
3493096,R2CT,RI,2
3493099,KSCT,R2,2
3493099,HYCT,RI,2
3493102,RHCT,R2,2
3493102,PYCT,RI,2
3493106,HYCT,R2,1
3493106,KSCT,R2,1
3493106,CTCT,RI,1
3493106,PTCT,RI,1
3493111,RHCT,R2,1
3493111,HYCT,R2,1
3493111,CTCT,RI,2
3493116,KSCT,R2,2
3493116,RHCT,RI,2
3493119,KSCT,R2,2
3493119,HYCT,RI,2
3493122,HYCT,R2,2
3493122,RHCT,RI,2
3493125,KSCT,R2,2
3493125,HYCT,RI,2
3493129,HYCT,R2,1
3493129,KSCT,R2,1
3493129,BNCT,RI,1
3493129,CTCT,RI,1
3556868,RHCT,R2,1
3556868,HYCT,R2,1
3556868,KSCT,RI,1
3556868,PYCT,RI,1
3556870,RHCT,R2,1
3556870,KSCT,R2,1
3556870,BNCT,RI,2
3556871,BNCT,R2,1
3556871,HYCT,R2,2
3556871,CTCT,RI,2.0
3556872,RHCT,R2,1
3556872,KSCT,R2,2
3556872,HYCT,RI,1
3556872,R2CT,RI,1
3556873,RHCT,R2,1
3556873,HYCT,R2,2
3556873,PYCT,RI,1
3556873,BNCT,RI,2
3556876,KSCT,R2,1
3556876,RHCT,R2,1
3556876,PYCT,RI,1
3556876,BNCT,RI,2
3556841,KSCT,R2,1
3556841,RHCT,R2,1
3556841,HYCT,RI,1
3556841,PTCT,RI,2
3556857,HYCT,R2,2
3556857,KSCT,RI,1
3556857,PTCT,RI,2
3556861,RHCT,R2,1
3556861,R2CT,R2,1
3556861,HYCT,RI,2
3556862,RHCT,R2,1
3556862,KSCT,R2,2
3556862,PTCT,RI,2
3556864,HYCT,R2,2
3556864,KSCT,RI,1
3556864,RHCT,RI,1
3556866,KSCT,R2,1
3556866,PTCT,R2,2
3556866,CTCT,RI,2
3454653,HYCT,R2,2
3454653,RHCT,RI,2
3454659,RHCT,R2,1
3454659,KSCT,R2,2
3454659,PYCT,RI,2
3454661,HYCT,R2,2
3454661,RHCT,RI,2
3454665,PTCT,R2,2
3454665,R2CT,RI,1
3454665,ZWCT,RI,1
3454669,RHCT,R2,2
3454669,HYCT,RI,1
3454669,PYCT,RI,2
3454673,HYCT,R2,2
3454673,RHCT,RI,2
3454675,HYCT,R2,2
3454675,RHCT,RI,2
3454678,RHCT,R2,2
3454678,HYCT,RI,1
3454678,KSCT,RI,1
3454682,KSCT,R2,1
3454682,PYCT,R2,2
3454682,PTCT,RI,2
3454684,RHCT,R2,2.0
3454684,RHCT,RI,1.0
3454684,KSCT,RI,2
3454685,HYCT,R2,2
3454685,RHCT,RI,2.0
3454686,KSCT,R2,2
3454686,PYCT,RI,2
3588464,HYCT,R2,1
3588464,KSCT,R2,1
3588464,RHCT,RI,1
3588464,CTCT,RI,1
3588468,HYCT,R2,1
3588468,KSCT,R2,1
3588468,RHCT,RI,1
3588468,CTCT,RI,2
3588471,KSCT,R2,2
3588471,HYCT,RI,2
3588474,KSCT,R2,2
3588474,HYCT,RI,2
3588475,HYCT,R2,1
3588475,KSCT,R2,1
3588475,RHCT,RI,1
3588475,CTCT,RI,2
3588479,HYCT,R2,1
3588479,KSCT,R2,1
3588479,RHCT,RI,1
3588479,CTCT,RI,1
3588482,HYCT,R2,1
3588482,KSCT,R2,1
3588482,RHCT,RI,1
3588482,CTCT,RI,1
3588485,HYCT,R2,1
3588485,KSCT,R2,1
3588485,RHCT,RI,1
3588485,CTCT,RI,2
3588489,KSCT,R2,2
3588489,HYCT,RI,2
3588493,KSCT,R2,2
3588493,HYCT,RI,2
3588496,HYCT,R2,1
3588496,KSCT,R2,1
3588496,RHCT,RI,1
3588496,CTCT,RI,2
3588499,HYCT,R2,1
3588499,KSCT,R2,1
3588499,RHCT,RI,1
3588499,CTCT,RI,1
3412940,CTCT,R2,1
3412940,HYCT,R2,1
3412940,PYCT,RI,1
3412942,PYCT,R2,1
3412944,PYCT,R2,1
3412944,CTCT,R2,1
3412944,HYCT,RI,1
3412946,HYCT,R2,1
3412946,PYCT,RI,1
3412949,HYCT,R2,1.0
3412949,HYCT,RI,1.0
3412930,HYCT,R2,2
3412930,PYCT,RI,2
3412931,PYCT,R2,1
3412931,HYCT,RI,1
3412933,PYCT,R2,1
3412937,PYCT,R2,1
3412939,PTCT,R2,1
3412939,HYCT,RI,1
3454393,PYCT,R2,1
3454393,HYCT,RI,1
3454398,PYCT,R2,1
3454402,HYCT,R2,2
3454402,PYCT,RI,1
3454404,PYCT,R2,1
3454410,PYCT,R2,1
3454410,HYCT,R2,2
3454370,PYCT,R2,1
3454370,HYCT,RI,1
3454377,PTCT,R2,1
3454381,PTCT,R2,1
3454381,HYCT,RI,1
3454384,PYCT,R2,2
3454384,HYCT,RI,1
3454384,PTCT,RI,2
3454388,PTCT,R2,1
3454390,PYCT,R2,1
3454390,PTCT,R2,1
3454390,CTCT,RI,1
3454688,KSCT,R2,1
3454688,RHCT,R2,2.0
3454688,RHCT,RI,2.0
3454691,KSCT,R2,2
3454691,RHCT,RI,2
3454694,HYCT,R2,1
3454694,KSCT,R2,1
3454694,PTCT,RI,2
3454697,RHCT,R2,2.0
3454697,RHCT,RI,1.0
3454697,KSCT,RI,1
3454702,HYCT,R2,1
3454702,KSCT,R2,2
3454702,PYCT,RI,1
3454702,PTCT,RI,2
3454706,HYCT,R2,2
3454706,KSCT,RI,2
3454710,KSCT,R2,2
3454710,RHCT,RI,2
3454715,RHCT,R2,2
3454715,KSCT,RI,2
3454717,HYCT,R2,1
3454717,CTCT,R2,2
3454717,BNCT,RI,2
3454720,HYCT,R2,2
3454720,RHCT,RI,2
3454723,HYCT,R2,2
3454723,KSCT,RI,2
3454728,HYCT,R2,2
3454728,RHCT,RI,2
3588518,PTCT,R2,1
3588518,BNCT,R2,1
3588518,CTCT,RI,1
3588518,ZWCT,RI,1
3588521,BNCT,R2,1
3588521,PTCT,R2,2
3588521,ZWCT,RI,2
3588523,BNCT,R2,1
3588523,PTCT,R2,2
3588523,ZWCT,RI,2
3588525,BNCT,R2,1
3588525,PTCT,R2,2
3588525,ZWCT,RI,2
3588528,CTCT,R2,1
3588528,BNCT,R2,1
3588528,PTCT,RI,2
3588531,PTCT,R2,1
3588531,BNCT,R2,1
3588531,CTCT,RI,1
3588531,ZWCT,RI,1
3588503,HYCT,R2,1
3588503,PTCT,R2,1
3588503,BNCT,RI,1
3588503,CTCT,RI,1
3588507,HYCT,R2,1
3588507,PTCT,R2,1
3588507,CTCT,RI,1
3588507,R2CT,RI,1
3588510,HYCT,R2,1
3588510,CTCT,R2,1
3588510,R2CT,RI,1
3588510,PTCT,RI,2
3588513,HYCT,R2,1
3588513,CTCT,R2,1
3588513,R2CT,RI,1
3588513,PTCT,RI,2
3588514,HYCT,R2,1
3588514,PTCT,R2,1
3588514,CTCT,RI,1
3588514,R2CT,RI,1
3588517,HYCT,R2,1
3588517,PTCT,R2,1
3588517,BNCT,RI,1
3588517,CTCT,RI,1
3588668,PTCT,R2,1
3588668,BNCT,R2,1
3588668,CTCT,RI,1
3588668,ZWCT,RI,1
3588669,CTCT,R2,1
3588669,BNCT,R2,1
3588669,PTCT,RI,2
3588670,BNCT,R2,1
3588670,PTCT,R2,2
3588670,ZWCT,RI,2
3588671,CTCT,R2,1
3588671,BNCT,R2,1
3588671,PTCT,RI,2
3588672,CTCT,R2,1
3588672,BNCT,R2,1
3588672,PTCT,RI,2
3588673,PTCT,R2,1
3588673,BNCT,R2,1
3588673,CTCT,RI,1
3588673,ZWCT,RI,1
3588661,HYCT,R2,1
3588661,KSCT,R2,1
3588661,RHCT,RI,1
3588661,PTCT,RI,1
3588663,HYCT,R2,1
3588663,KSCT,R2,1
3588663,RHCT,RI,1
3588663,PTCT,RI,1
3588664,KSCT,R2,1
3588664,RHCT,R2,1
3588664,PTCT,RI,1
3588664,CTCT,RI,1
3588665,HYCT,R2,1
3588665,KSCT,R2,1
3588665,RHCT,RI,1
3588665,PTCT,RI,1
3588666,HYCT,R2,1
3588666,KSCT,R2,1
3588666,RHCT,RI,1
3588666,PTCT,RI,1
3588667,HYCT,R2,1
3588667,KSCT,R2,1
3588667,RHCT,RI,1
3588667,PTCT,RI,1
3413218,PYCT,R2,1.0
3413218,PYCT,RI,1.0
3413225,PYCT,R2,1
3413232,PYCT,R2,1
3413233,PYCT,R2,1
3413234,PYCT,R2,2.0
3413234,PYCT,RI,2.0
3413237,PYCT,R2,1.0
3413237,PYCT,RI,1.0
3413244,PYCT,R2,1
3413247,PYCT,R2,1
3413249,PYCT,R2,2.0
3413249,PYCT,RI,2.0
3237124,BNCT,R2,1
3237126,BNCT,R2,1.0
3237126,BNCT,RI,1.0
3237127,BNCT,R2,1.0
3237127,BNCT,RI,1.0
3237128,BNCT,R2,1
3237129,BNCT,R2,1
3119057,ZWCT,R2,2.0
3119057,ZWCT,RI,1.0
3119058,ZWCT,R2,1
3294612,PTCT,R2,1
3454050,BNCT,R2,1
3454050,ZWCT,R2,1
3454050,RHCT,RI,2
3454056,CTCT,R2,1
3454056,RHCT,RI,1
3454059,CTCT,R2,1
3454059,BNCT,R2,1
3454059,RHCT,RI,1
3454059,ZWCT,RI,1
3454062,CTCT,R2,1
3454067,CTCT,R2,1
3454067,ZWCT,R2,1
3454067,RHCT,RI,2
3454071,ZWCT,R2,1
3454071,BNCT,RI,1
3454021,CTCT,R2,2
3454021,ZWCT,RI,1
3454021,RHCT,RI,1
3454025,CTCT,R2,1
3454031,BNCT,R2,1
3454031,CTCT,R2,2
3454035,CTCT,R2,2
3454035,RHCT,RI,1
3454039,ZWCT,R2,1
3454039,CTCT,R2,1
3454039,RHCT,RI,1
3493009,CTCT,R2,1
3493022,CTCT,R2,1.0
3493022,CTCT,RI,1.0
3493031,BNCT,R2,1
3493035,BNCT,R2,1
3493035,ZWCT,RI,1
3493038,ZWCT,R2,1
3413196,ZWCT,R2,1
3407312,RHCT,R2,1.0
3407312,RHCT,RI,1.0
3407317,PTCT,R2,1
3159481,PYCT,R2,1
3436876,ZWCT,R2,2
3436876,R2CT,RI,1
3436878,R2CT,R2,1
3436879,R2CT,R2,1
3436866,PTCT,R2,1.0
3436866,PTCT,RI,1.0
3436868,ZWCT,R2,1
3436831,PTCT,R2,1.0
3436831,PTCT,RI,1.0
3436861,PTCT,R2,1
3436861,ZWCT,RI,1
3436862,PTCT,R2,1
3412896,PYCT,R2,1
3412897,PYCT,R2,1.0
3412897,PYCT,RI,1.0
3412898,KSCT,R2,1
3412898,PYCT,RI,1
3412899,PYCT,R2,1
3412893,PYCT,R2,1
3437107,BNCT,R2,2
3437107,RHCT,RI,1
3437107,PTCT,RI,1
3437112,BNCT,R2,2
3437112,RHCT,RI,1
3437112,KSCT,RI,1
3437113,PYCT,R2,2.0
3437113,PYCT,RI,1.0
3437113,HYCT,RI,2
3437114,PTCT,R2,2
3437114,PYCT,RI,2
3437115,CTCT,R2,2
3437115,HYCT,RI,2
3437116,PTCT,R2,1
3437116,RHCT,R2,1
3437116,KSCT,RI,1
3437116,BNCT,RI,1
3437118,RHCT,R2,1
3437118,KSCT,R2,1
3437118,HYCT,RI,1
3437118,R2CT,RI,1
3437120,PTCT,R2,2
3437120,CTCT,RI,2
3437122,BNCT,R2,2
3437122,KSCT,RI,2
3437124,BNCT,R2,2
3437124,PYCT,RI,2
3437125,PYCT,R2,1
3437125,KSCT,R2,1
3437125,RHCT,RI,1
3437125,HYCT,RI,1
3437127,RHCT,R2,1
3437127,KSCT,R2,1
3437127,HYCT,RI,1
3437127,PYCT,RI,1
3556511,KSCT,R2,1
3556511,RHCT,R2,1
3556511,HYCT,RI,1
3556511,PTCT,RI,2
3556545,HYCT,R2,2
3556545,KSCT,RI,1
3556545,RHCT,RI,1
3556549,HYCT,R2,2
3556549,RHCT,RI,2
3556551,HYCT,R2,2
3556551,RHCT,RI,2
3556554,HYCT,R2,2
3556554,KSCT,RI,1
3556554,RHCT,RI,1
3556556,KSCT,R2,1
3556556,RHCT,R2,1
3556556,HYCT,RI,1
3556556,PTCT,RI,2
3383844,BNCT,R2,1
3570414,RHCT,R2,1
3570414,PYCT,R2,1
3570414,R2CT,RI,1
3570414,BNCT,RI,1
3570417,RHCT,R2,1
3570417,KSCT,R2,1
3570417,PYCT,RI,1
3570417,R2CT,RI,1
3570420,HYCT,R2,2
3570420,BNCT,RI,2
3570422,KSCT,R2,2
3570422,RHCT,RI,2
3570426,RHCT,R2,1
3570426,HYCT,R2,1
3570426,PYCT,RI,1
3570426,R2CT,RI,1
3570430,RHCT,R2,1
3570430,HYCT,R2,1
3570430,KSCT,RI,1
3570430,PYCT,RI,1
3570406,RHCT,R2,1
3570406,KSCT,R2,1
3570406,PYCT,RI,1
3570406,R2CT,RI,1
3570407,RHCT,R2,1
3570407,HYCT,R2,1
3570407,KSCT,RI,1
3570407,PYCT,RI,1
3570408,KSCT,R2,2
3570408,HYCT,RI,2
3570409,KSCT,R2,2
3570409,HYCT,RI,2
3570410,RHCT,R2,1
3570410,HYCT,R2,1
3570410,KSCT,RI,1
3570410,PYCT,RI,1
3570411,RHCT,R2,1
3570411,HYCT,R2,1
3570411,KSCT,RI,1
3570411,PYCT,RI,1
3367606,ZWCT,R2,1
3367610,ZWCT,R2,1
3367614,CTCT,R2,1
3367614,KSCT,R2,1
3367614,ZWCT,RI,1
3367619,ZWCT,R2,1.0
3367619,ZWCT,RI,1.0
3367626,ZWCT,R2,1
3407252,PYCT,R2,1
3407252,BNCT,RI,1
3407259,PYCT,R2,1
3407262,BNCT,R2,1
3407264,BNCT,R2,1
3407264,PYCT,R2,2
3407265,BNCT,R2,1
3407265,PYCT,RI,1
3367581,ZWCT,R2,1
3367591,CTCT,R2,1
3367591,PYCT,RI,1
3367596,KSCT,R2,1
3367596,PYCT,R2,1
3367596,ZWCT,RI,1
3367598,PYCT,R2,1
3367603,PYCT,R2,1.0
3367603,PYCT,RI,1.0
3454322,KSCT,R2,1
3454322,PYCT,RI,1
3454328,KSCT,R2,1
3454328,PYCT,RI,1
3454330,KSCT,R2,1
3454330,PYCT,RI,1
3454332,PTCT,R2,1
3454332,ZWCT,R2,1
3454332,KSCT,RI,1
3454332,PYCT,RI,1
3454334,KSCT,R2,1
3454336,KSCT,R2,1
3454340,ZWCT,R2,1
3454340,KSCT,R2,1
3454340,PYCT,RI,1
3454343,KSCT,R2,1
3454343,PYCT,R2,1
3454343,RHCT,RI,1
3454348,KSCT,R2,1
3454348,PYCT,RI,1
3454356,KSCT,R2,1
3454356,PYCT,RI,1
3454360,KSCT,R2,1
3454360,PYCT,RI,1
3454363,ZWCT,R2,1
3454363,KSCT,RI,1
3383544,PYCT,R2,2
3383544,ZWCT,RI,2.0
3383553,PYCT,R2,1
3383555,PYCT,R2,1
3383556,PYCT,R2,1
3454075,KSCT,R2,1
3454075,RHCT,R2,2.0
3454075,RHCT,RI,2.0
3454084,KSCT,R2,1
3454084,RHCT,R2,2.0
3454084,RHCT,RI,2.0
3454087,BNCT,R2,1
3454087,PTCT,R2,1
3454087,R2CT,RI,1
3454087,PYCT,RI,1
3454090,KSCT,R2,1
3454090,R2CT,R2,1
3454090,BNCT,RI,1
3454090,PTCT,RI,1
3454092,RHCT,R2,1
3454092,R2CT,R2,1
3454092,CTCT,RI,1
3454092,KSCT,RI,1
3454094,R2CT,R2,2
3454094,RHCT,RI,1
3454094,PYCT,RI,1
3454099,RHCT,R2,2.0
3454099,RHCT,RI,1.0
3454099,R2CT,RI,2
3454101,RHCT,R2,2.0
3454101,RHCT,RI,1.0
3454101,HYCT,RI,1
3454103,RHCT,R2,2.0
3454103,RHCT,RI,1.0
3454103,BNCT,RI,1
3454113,HYCT,R2,1
3454113,KSCT,R2,1
3454113,BNCT,RI,1
3454113,PYCT,RI,1
3454118,HYCT,R2,2
3454118,RHCT,RI,2
3454123,HYCT,R2,2
3454123,RHCT,RI,2.0
3436901,KSCT,R2,1
3436901,PYCT,R2,1
3436901,PTCT,RI,2.0
3436904,RHCT,R2,1
3436904,PYCT,R2,2
3436904,PTCT,RI,1
3436907,PTCT,R2,1
3436907,KSCT,RI,1
3436908,KSCT,R2,1
3436910,KSCT,R2,1
3436910,PYCT,RI,1
3436912,PYCT,R2,1
3436886,KSCT,R2,1
3436886,PTCT,R2,1
3436886,PYCT,RI,2
3436890,KSCT,R2,1
3436890,PYCT,RI,1
3436892,KSCT,R2,1
3436892,PYCT,R2,2
3436895,KSCT,R2,2
3436895,BNCT,RI,1
3436896,KSCT,R2,1
3436899,KSCT,R2,1
3436899,PYCT,R2,2
3454102,HYCT,R2,1
3454102,R2CT,R2,1
3454102,PTCT,RI,1
3454105,HYCT,R2,1
3454105,KSCT,R2,1
3454105,PTCT,RI,1
3454105,PYCT,RI,1
3454106,KSCT,R2,2
3454106,RHCT,RI,1
3454106,PYCT,RI,2
3454108,HYCT,R2,2
3454108,KSCT,RI,1
3454108,PYCT,RI,2
3454110,HYCT,R2,1
3454110,R2CT,R2,1
3454110,PTCT,RI,1
3454110,KSCT,RI,1
3454120,KSCT,R2,1
3454120,R2CT,R2,1
3454120,PYCT,RI,1
3454120,ZWCT,RI,1
3454124,HYCT,R2,1
3454124,KSCT,R2,1
3454124,R2CT,RI,1
3454124,PTCT,RI,1
3454126,HYCT,R2,1
3454126,KSCT,R2,1
3454126,PTCT,RI,1
3454126,PYCT,RI,1
3454129,KSCT,R2,1
3454129,PYCT,R2,2
3454129,PTCT,RI,2
3454131,HYCT,R2,2
3454131,PYCT,RI,2
3454133,HYCT,R2,1
3454133,KSCT,R2,1
3454133,PTCT,RI,1
3454133,PYCT,RI,1
3454136,HYCT,R2,1
3454136,KSCT,R2,1
3454136,R2CT,RI,1
3454136,PTCT,RI,1
3454373,CTCT,R2,1
3454373,BNCT,R2,2.0
3454373,BNCT,RI,1.0
3454373,RHCT,RI,2
3454375,BNCT,R2,2
3454375,RHCT,RI,2
3454376,PTCT,R2,1
3454376,ZWCT,R2,1
3454376,BNCT,RI,1
3454376,RHCT,RI,2
3454378,RHCT,R2,1
3454378,BNCT,R2,2
3454380,RHCT,R2,1
3454383,ZWCT,R2,1
3454351,CTCT,R2,1
3454351,RHCT,R2,2.0
3454351,RHCT,RI,1.0
3454368,BNCT,R2,1
3543690,HYCT,R2,1
3543690,RHCT,R2,1
3543690,KSCT,RI,1
3543690,PTCT,RI,1
3543698,HYCT,R2,1
3543698,RHCT,R2,1
3543698,R2CT,RI,1
3543698,BNCT,RI,1
3543700,HYCT,R2,1
3543700,RHCT,R2,1
3543700,KSCT,RI,1
3543700,BNCT,RI,1
3543703,RHCT,R2,1
3543703,HYCT,R2,1
3543703,KSCT,RI,1
3543703,BNCT,RI,1
3543704,HYCT,R2,1
3543704,RHCT,R2,1
3543704,KSCT,RI,1
3543704,PTCT,RI,1
3543706,HYCT,R2,1
3543706,RHCT,R2,1
3543706,KSCT,RI,1
3543706,PTCT,RI,1
3543709,CTCT,R2,1
3543709,BNCT,R2,1
3543709,PTCT,RI,1
3543713,HYCT,R2,1
3543713,RHCT,R2,1
3543713,KSCT,RI,1
3543713,PTCT,RI,1
3543715,KSCT,R2,1
3543715,BNCT,R2,1
3543715,R2CT,RI,1
3543715,PYCT,RI,1
3543717,HYCT,R2,1
3543717,RHCT,R2,1
3543717,KSCT,RI,1
3543717,BNCT,RI,1
3543720,HYCT,R2,1
3543720,RHCT,R2,1
3543720,KSCT,RI,1
3543720,PTCT,RI,1
3543723,BNCT,R2,1
3543723,PTCT,R2,1
3543723,ZWCT,RI,1
3543727,RHCT,R2,1
3543727,R2CT,R2,1
3543727,BNCT,RI,1
3543727,PYCT,RI,1
3543729,HYCT,R2,1
3543729,R2CT,R2,1
3543729,BNCT,RI,1
3543729,PYCT,RI,1
3543730,HYCT,R2,1
3543730,RHCT,R2,1
3543730,KSCT,RI,1
3543730,BNCT,RI,1
3543732,HYCT,R2,1
3543732,RHCT,R2,1
3543732,KSCT,RI,1
3543732,BNCT,RI,1
3543738,RHCT,R2,1
3543738,KSCT,R2,1
3543738,PTCT,RI,1
3543738,BNCT,RI,1
3543741,HYCT,R2,1
3543741,RHCT,R2,1
3543741,KSCT,RI,1
3543741,PTCT,RI,1
3543743,CTCT,R2,1
3543743,BNCT,R2,1
3543743,PTCT,RI,1
3543743,ZWCT,RI,1
3543748,KSCT,R2,1
3543748,PTCT,R2,1
3543748,BNCT,RI,1
3543748,PYCT,RI,1
3543750,RHCT,R2,1
3543750,KSCT,R2,1
3543750,PTCT,RI,1
3543750,BNCT,RI,1
3543754,HYCT,R2,1
3543754,RHCT,R2,1
3543754,KSCT,RI,1
3543754,BNCT,RI,1
3543757,HYCT,R2,1
3543757,RHCT,R2,1
3543757,KSCT,RI,1
3543757,PTCT,RI,1
3543759,CTCT,R2,1
3543759,BNCT,R2,1
3543759,PTCT,RI,1
3543759,ZWCT,RI,1
3363437,HYCT,R2,1
3556580,KSCT,R2,1
3556580,RHCT,R2,1
3556580,HYCT,RI,1
3556580,PTCT,RI,2
3556583,HYCT,R2,2
3556583,KSCT,RI,1
3556583,RHCT,RI,1
3556585,HYCT,R2,2
3556585,RHCT,RI,2
3556587,RHCT,R2,2
3556587,KSCT,RI,2
3556591,HYCT,R2,2
3556591,KSCT,RI,1
3556591,RHCT,RI,1
3556593,KSCT,R2,1
3556593,RHCT,R2,1
3556593,HYCT,RI,1
3556593,R2CT,RI,1
3556560,KSCT,R2,1
3556560,RHCT,R2,1
3556560,HYCT,RI,1
3556560,CTCT,RI,2
3556568,HYCT,R2,2
3556568,RHCT,RI,1
3556568,PTCT,RI,2
3556570,HYCT,R2,2
3556570,RHCT,RI,2
3556571,HYCT,R2,2
3556571,KSCT,RI,2
3556574,HYCT,R2,2
3556574,RHCT,RI,1
3556574,KSCT,RI,1
3556578,RHCT,R2,1
3556578,HYCT,R2,1
3556578,R2CT,RI,1
3556578,BNCT,RI,2
3454647,BNCT,R2,1
3454647,CTCT,R2,1
3454647,ZWCT,RI,1
3454649,BNCT,R2,1
3454649,ZWCT,RI,1
3454650,BNCT,R2,1
3454650,CTCT,R2,1
3454650,ZWCT,RI,1
3454652,BNCT,R2,1
3454652,CTCT,R2,1
3454652,RHCT,RI,1
3454654,BNCT,R2,1
3454654,CTCT,R2,1
3454654,ZWCT,RI,1
3454654,RHCT,RI,2
3454656,CTCT,R2,2
3454656,BNCT,RI,1
3454656,RHCT,RI,2
3454630,BNCT,R2,2
3454630,ZWCT,RI,1
3454630,CTCT,RI,1
3454633,CTCT,R2,2
3454633,BNCT,RI,1
3454633,ZWCT,RI,1
3454637,ZWCT,R2,1
3454637,BNCT,R2,1
3454637,CTCT,RI,1
3454640,BNCT,R2,1
3454640,CTCT,R2,1
3454640,ZWCT,RI,1
3454644,CTCT,R2,2
3454644,BNCT,RI,2
3454645,CTCT,R2,2
3454645,BNCT,RI,2
3395767,PTCT,R2,1
3395768,PTCT,R2,1
3395769,PTCT,R2,1
3395785,PYCT,R2,1
3395790,HYCT,R2,1
3383934,ZWCT,R2,1.0
3383934,ZWCT,RI,1.0
3383936,ZWCT,R2,1
3383941,ZWCT,R2,1
3383943,ZWCT,R2,1
3383927,R2CT,R2,1
3412961,ZWCT,R2,2.0
3412961,ZWCT,RI,1.0
3412963,ZWCT,R2,1
3412966,ZWCT,R2,1
3412977,ZWCT,R2,2.0
3412977,ZWCT,RI,2.0
3412955,ZWCT,R2,1
3454279,HYCT,R2,1
3454279,ZWCT,RI,1
3454289,KSCT,R2,1
3454289,HYCT,RI,1
3454297,HYCT,R2,1
3454297,KSCT,R2,1
3454297,ZWCT,RI,1
3454304,HYCT,R2,1
3454304,KSCT,RI,1
3454308,HYCT,R2,1
3454308,ZWCT,RI,1
3454314,KSCT,R2,1
3454314,ZWCT,RI,1
3454238,RHCT,R2,2
3454238,PTCT,RI,1
3454258,PTCT,R2,1
3454258,RHCT,RI,1
3454263,RHCT,R2,1
3454263,PYCT,R2,1
3454263,KSCT,RI,1
3454266,RHCT,R2,1
3454269,RHCT,R2,1
3454274,RHCT,R2,1
3492982,HYCT,R2,1
3492982,KSCT,R2,1
3492982,BNCT,RI,2
3492986,BNCT,R2,2
3492986,HYCT,RI,1
3492986,KSCT,RI,1
3492989,KSCT,R2,1
3492989,PYCT,RI,1
3492990,BNCT,R2,1
3492990,KSCT,R2,1
3492990,RHCT,RI,1
3492993,HYCT,R2,1
3492995,RHCT,R2,1
3492963,HYCT,R2,1
3492963,BNCT,R2,1
3492963,CTCT,RI,1
3492963,RHCT,RI,2
3492968,KSCT,R2,2
3492968,BNCT,RI,1
3492968,PYCT,RI,1
3492970,HYCT,R2,2
3492970,BNCT,RI,1
3492970,RHCT,RI,2
3492974,HYCT,R2,1
3492974,ZWCT,R2,1
3492974,CTCT,RI,1
3492974,BNCT,RI,1
3492975,HYCT,R2,2
3492975,ZWCT,RI,1
3492975,RHCT,RI,1
3492978,BNCT,R2,2
3492978,RHCT,RI,2
3395803,ZWCT,R2,1
3556597,KSCT,R2,1
3556597,RHCT,R2,1
3556597,HYCT,RI,1
3556597,CTCT,RI,2
3556603,RHCT,R2,1
3556603,KSCT,R2,1
3556603,R2CT,RI,1
3556603,PYCT,RI,1
3556607,RHCT,R2,2
3556607,KSCT,RI,2
3556610,HYCT,R2,2
3556610,RHCT,RI,2
3556611,HYCT,R2,2
3556611,KSCT,RI,1
3556611,RHCT,RI,1
3556613,RHCT,R2,1
3556613,KSCT,R2,1
3556613,HYCT,RI,1
3556613,PTCT,RI,2
3556616,KSCT,R2,1
3556616,HYCT,R2,1
3556616,R2CT,RI,1
3556616,PYCT,RI,1
3556619,HYCT,R2,2
3556619,RHCT,RI,1
3556619,KSCT,RI,1
3556622,KSCT,R2,1
3556622,BNCT,R2,2
3556622,R2CT,RI,1
3556622,HYCT,RI,1
3556625,KSCT,R2,1
3556625,R2CT,R2,2
3556625,CTCT,RI,2
3556626,KSCT,R2,1
3556626,HYCT,R2,1
3556626,BNCT,RI,1
3556626,CTCT,RI,1
3556629,KSCT,R2,1
3556629,RHCT,R2,1
3556629,HYCT,RI,1
3556629,R2CT,RI,1
3556632,HYCT,R2,1
3556632,KSCT,R2,1
3556632,BNCT,RI,1
3556632,PTCT,RI,2
3556639,RHCT,R2,1
3556639,PTCT,R2,2
3556639,PYCT,RI,1
3556639,BNCT,RI,2
3556641,HYCT,R2,2
3556641,KSCT,RI,2
3556643,KSCT,R2,2
3556643,CTCT,RI,1
3556643,HYCT,RI,1
3556650,HYCT,R2,2
3556650,RHCT,RI,1
3556650,KSCT,RI,1
3556653,RHCT,R2,1
3556653,KSCT,R2,1
3556653,HYCT,RI,1
3556653,PTCT,RI,2
3570276,RHCT,R2,1
3570276,HYCT,R2,1
3570276,KSCT,RI,1
3570276,R2CT,RI,1
3570279,RHCT,R2,1
3570279,HYCT,R2,1
3570279,PYCT,RI,1
3570279,BNCT,RI,1
3570284,KSCT,R2,1
3570284,RHCT,R2,2
3570284,PYCT,RI,1
3570284,BNCT,RI,2
3570288,KSCT,R2,2
3570288,HYCT,RI,2
3570291,RHCT,R2,1
3570291,HYCT,R2,1
3570291,KSCT,RI,1
3570291,PYCT,RI,1
3570295,RHCT,R2,1
3570295,HYCT,R2,1
3570295,PYCT,RI,1
3570295,R2CT,RI,1
3570245,RHCT,R2,1
3570245,KSCT,R2,1
3570245,R2CT,RI,1
3570245,BNCT,RI,1
3570257,RHCT,R2,1
3570257,HYCT,R2,1
3570257,PYCT,RI,1
3570257,PTCT,RI,1
3570260,HYCT,R2,1
3570260,RHCT,R2,2
3570260,BNCT,RI,2
3570266,KSCT,R2,2
3570266,HYCT,RI,1
3570266,RHCT,RI,2
3570268,RHCT,R2,1
3570268,HYCT,R2,1
3570268,KSCT,RI,1
3570268,PYCT,RI,1
3570271,RHCT,R2,1
3570271,HYCT,R2,1
3570271,PYCT,RI,1
3570271,BNCT,RI,1
3570298,PTCT,R2,1
3570298,BNCT,R2,1
3570298,ZWCT,RI,1
3570309,BNCT,R2,2
3570309,PTCT,RI,2
3570314,BNCT,R2,2
3570314,PTCT,RI,2
3570318,BNCT,R2,2
3570318,PTCT,RI,2
3570321,BNCT,R2,2
3570321,PTCT,RI,2
3570324,PTCT,R2,1
3570324,BNCT,R2,1
3570324,ZWCT,RI,1
3492894,KSCT,R2,1
3492894,RHCT,RI,1
3492921,KSCT,R2,2
3492921,RHCT,RI,2.0
3492926,KSCT,R2,1
3492926,BNCT,R2,1
3492926,RHCT,RI,2
3492929,RHCT,R2,1.0
3492929,RHCT,RI,1.0
3492932,BNCT,R2,2
3492932,RHCT,RI,1
3492932,PTCT,RI,1
3543770,HYCT,R2,1
3543770,KSCT,R2,1
3543770,PYCT,RI,2
3543773,HYCT,R2,2
3543773,KSCT,RI,1
3543773,PTCT,RI,2
3543775,KSCT,R2,2
3543775,RHCT,RI,2
3543777,KSCT,R2,2
3543777,R2CT,RI,1
3543777,PTCT,RI,1
3543780,KSCT,R2,1
3543780,PYCT,R2,2
3543780,CTCT,RI,2
3543782,HYCT,R2,2
3543782,RHCT,RI,1
3543782,KSCT,RI,1
3012231,R2CT,R2,1
3012232,ZWCT,R2,1
3012220,RHCT,R2,1
3012220,ZWCT,RI,1
3012221,HYCT,R2,1
3277232,PYCT,R2,1
3331390,R2CT,R2,1
3454254,HYCT,R2,1
3454254,RHCT,R2,2.0
3454254,RHCT,RI,2.0
3454260,RHCT,R2,2
3454260,HYCT,RI,1
3454260,R2CT,RI,1
3454265,PTCT,R2,1
3454265,R2CT,R2,1
3454265,ZWCT,RI,1
3454265,BNCT,RI,1
3454271,PYCT,R2,1
3454271,CTCT,R2,2
3454271,BNCT,RI,2
3454278,HYCT,R2,2
3454278,RHCT,RI,2.0
3454286,HYCT,R2,2
3454286,KSCT,RI,2
3454293,HYCT,R2,2
3454293,KSCT,RI,2
3454307,KSCT,R2,2
3454307,PYCT,RI,2
3454313,HYCT,R2,1
3454313,KSCT,R2,1
3454313,PYCT,RI,2
3454320,CTCT,R2,1
3454320,HYCT,R2,1
3454320,R2CT,RI,1
3454325,HYCT,R2,1
3454325,CTCT,R2,1
3454325,BNCT,RI,1
3454325,PYCT,RI,1
3454329,PYCT,R2,2
3454329,BNCT,RI,1
3454329,R2CT,RI,2
3454331,RHCT,R2,2
3454331,HYCT,RI,1
3454331,CTCT,RI,2
3454338,RHCT,R2,1
3454338,HYCT,R2,1
3454338,KSCT,RI,1
3454338,PYCT,RI,1
3454346,RHCT,R2,2
3454346,HYCT,RI,2
3454350,HYCT,R2,2
3454350,RHCT,RI,1
3454350,R2CT,RI,1
3454354,HYCT,R2,1
3454354,BNCT,R2,1
3454354,PYCT,RI,1
3454354,RHCT,RI,1
3454358,BNCT,R2,1
3454358,RHCT,RI,1
3543642,RHCT,R2,1
3543642,PYCT,R2,1
3543642,R2CT,RI,1
3543642,CTCT,RI,1
3543644,BNCT,R2,1
3543644,PYCT,R2,1
3543644,RHCT,RI,1
3543644,R2CT,RI,1
3543645,BNCT,R2,1
3543645,CTCT,RI,1
3543647,R2CT,R2,1
3543649,CTCT,R2,1
3543649,BNCT,R2,1
3543649,RHCT,RI,1
3543650,RHCT,R2,1
3543650,HYCT,R2,1
3543650,R2CT,RI,1
3543650,CTCT,RI,1
3543628,HYCT,R2,1
3543628,RHCT,R2,1
3543628,KSCT,RI,1
3543628,BNCT,RI,1
3543634,HYCT,R2,1
3543634,RHCT,R2,1
3543634,KSCT,RI,1
3543634,PTCT,RI,1
3543636,HYCT,R2,1
3543636,KSCT,R2,1
3543636,R2CT,RI,1
3543636,CTCT,RI,1
3543637,HYCT,R2,1
3543637,BNCT,R2,1
3543637,PYCT,RI,1
3543637,R2CT,RI,1
3543639,HYCT,R2,1
3543639,RHCT,R2,1
3543639,KSCT,RI,1
3543639,PYCT,RI,1
3543640,RHCT,R2,1
3543640,KSCT,R2,1
3543640,PTCT,RI,1
3543640,BNCT,RI,1
3543809,HYCT,R2,2
3543809,KSCT,RI,1
3543809,PYCT,RI,2
3543810,HYCT,R2,2
3543810,RHCT,RI,2
3543811,KSCT,R2,2
3543811,HYCT,RI,2
3543812,KSCT,R2,2
3543812,PYCT,RI,2
3543814,RHCT,R2,2
3543814,PYCT,RI,2
3543817,PYCT,R2,2
3543817,R2CT,RI,1
3543817,ZWCT,RI,2
3363504,RHCT,R2,1
3363504,HYCT,R2,2
3363504,KSCT,RI,1
3363504,PYCT,RI,2
3363508,R2CT,R2,2
3363508,HYCT,RI,2
3363510,PTCT,R2,2
3363510,BNCT,RI,1
3363510,PYCT,RI,2
3363511,PYCT,R2,2
3363511,CTCT,RI,1
3363511,RHCT,RI,2
3363520,HYCT,R2,2
3363520,KSCT,RI,2
3363522,HYCT,R2,2
3363522,R2CT,RI,1
3363522,PYCT,RI,1
3543818,RHCT,R2,1
3543818,PYCT,R2,2
3543818,PTCT,RI,2
3543830,KSCT,R2,2
3543830,PYCT,RI,2
3543832,KSCT,R2,2
3543832,HYCT,RI,2
3543833,RHCT,R2,2
3543833,R2CT,RI,2
3543834,PYCT,R2,2
3543834,KSCT,RI,1
3543834,PTCT,RI,1
3543835,RHCT,R2,1
3543835,PYCT,R2,2
3543835,BNCT,RI,2
3454552,RHCT,R2,1.0
3454552,RHCT,RI,1.0
3454562,RHCT,R2,1.0
3454562,RHCT,RI,1.0
3454572,R2CT,R2,1
3454572,RHCT,RI,1
3454573,BNCT,R2,1
3454573,RHCT,R2,2
3437156,RHCT,R2,1
3437166,PYCT,R2,1
3407206,CTCT,R2,1.0
3407206,CTCT,RI,1.0
3407211,CTCT,R2,1
3407213,CTCT,R2,1
3407214,CTCT,R2,1.0
3407214,CTCT,RI,1.0
3407215,ZWCT,R2,1
3407215,CTCT,RI,1
3454128,HYCT,R2,1
3454128,RHCT,R2,1
3454128,KSCT,RI,1
3454128,BNCT,RI,1
3454142,HYCT,R2,1
3454142,RHCT,R2,1
3454142,R2CT,RI,1
3454142,PYCT,RI,1
3454148,R2CT,R2,1
3454148,BNCT,RI,1
3454153,BNCT,R2,2
3454153,KSCT,RI,1
3454157,RHCT,R2,1
3454157,BNCT,R2,1
3454157,R2CT,RI,1
3454160,RHCT,R2,1
3454160,KSCT,R2,1
3454160,R2CT,RI,1
3454160,BNCT,RI,2
3454167,BNCT,R2,1
3454167,PTCT,R2,2
3454167,ZWCT,RI,1
3454167,PYCT,RI,2
3454188,PTCT,R2,1
3454194,BNCT,R2,1
3454194,CTCT,R2,1
3454194,PTCT,RI,2
3454199,PTCT,R2,2
3454199,BNCT,RI,1
3454199,PYCT,RI,1
3454205,PTCT,R2,1
3454205,PYCT,RI,1
3454212,BNCT,R2,1
3454212,PTCT,R2,1
3454212,PYCT,RI,1
3367395,HYCT,R2,1
3454214,R2CT,R2,1
3454214,CTCT,R2,1
3454214,ZWCT,RI,1
3454214,BNCT,RI,2
3454235,R2CT,R2,1
3454245,PTCT,R2,1.0
3454245,PTCT,RI,1.0
3454249,BNCT,R2,1
3454249,PTCT,RI,1
3367405,PTCT,R2,1
3367411,PTCT,R2,1
3367411,ZWCT,R2,2
3367418,BNCT,R2,1
3367418,PTCT,R2,2.0
3367418,PTCT,RI,1.0
3367418,ZWCT,RI,2
3367425,ZWCT,R2,1
3543652,RHCT,R2,1
3543652,KSCT,R2,1
3543652,BNCT,RI,1
3543652,PYCT,RI,1
3543656,HYCT,R2,1
3543656,PYCT,R2,1
3543656,R2CT,RI,1
3543656,CTCT,RI,1
3543667,HYCT,R2,2
3543667,PYCT,RI,2
3543670,HYCT,R2,1
3543670,RHCT,R2,1
3543670,PYCT,RI,1
3543670,CTCT,RI,1
3543673,HYCT,R2,2
3543673,RHCT,RI,1
3543673,KSCT,RI,1
3543675,HYCT,R2,1
3543675,RHCT,R2,1
3543675,PYCT,RI,1
3543675,R2CT,RI,1
3543679,KSCT,R2,1
3543679,PYCT,R2,1
3543679,R2CT,RI,1
3543679,ZWCT,RI,1
3543682,HYCT,R2,1
3543682,KSCT,R2,1
3543682,PYCT,RI,2
3543684,HYCT,R2,2
3543684,CTCT,RI,1
3543684,BNCT,RI,1
3543688,HYCT,R2,2
3543688,R2CT,RI,2
3543691,HYCT,R2,2
3543691,RHCT,RI,1
3543691,KSCT,RI,1
3543693,RHCT,R2,1
3543693,PYCT,R2,1
3543693,R2CT,RI,1
3543693,CTCT,RI,1
3412916,KSCT,R2,1
3412916,PYCT,R2,1
3412916,HYCT,RI,1
3412916,CTCT,RI,1
3412917,KSCT,R2,1
3412917,PYCT,R2,1
3412917,PTCT,RI,1
3412917,BNCT,RI,1
3412918,PTCT,R2,2
3412918,RHCT,RI,1
3412918,PYCT,RI,1
3412919,KSCT,R2,1
3412919,BNCT,R2,2
3412919,HYCT,RI,1
3412919,PTCT,RI,1
3412921,PTCT,R2,1
3412921,PYCT,R2,2
3412921,BNCT,RI,2
3412922,BNCT,R2,2
3412922,PYCT,RI,1
3412922,KSCT,RI,1
3412923,PYCT,R2,1
3412923,CTCT,R2,1
3412923,R2CT,RI,1
3412923,RHCT,RI,1
3412924,CTCT,R2,1
3412924,RHCT,R2,1
3412924,PYCT,RI,2
3412925,BNCT,R2,1
3412925,PYCT,R2,2
3412925,PTCT,RI,2
3412926,KSCT,R2,2
3412926,HYCT,RI,1
3412926,R2CT,RI,1
3412927,BNCT,R2,2
3412927,R2CT,RI,1
3412927,RHCT,RI,1
3412928,RHCT,R2,1
3412928,R2CT,R2,1
3412928,BNCT,RI,2
3492964,KSCT,R2,2
3492964,CTCT,RI,1
3492964,BNCT,RI,2
3492967,HYCT,R2,1
3492967,RHCT,R2,2
3492967,PYCT,RI,2
3492971,HYCT,R2,1
3492971,KSCT,R2,1
3492971,PTCT,RI,1
3492979,KSCT,R2,1
3492979,PYCT,R2,2
3492979,CTCT,RI,1
3492996,HYCT,R2,1
3492996,CTCT,R2,1
3492996,R2CT,RI,1
3492996,BNCT,RI,1
3493002,HYCT,R2,2
3493002,BNCT,RI,2
3454299,RHCT,R2,1.0
3454299,RHCT,RI,1.0
3454301,CTCT,R2,1
3454261,RHCT,R2,1
3454273,RHCT,R2,1
3454275,RHCT,R2,1
3454280,RHCT,R2,1.0
3454280,RHCT,RI,1.0
3454283,RHCT,R2,2.0
3454283,RHCT,RI,1.0
3300764,PYCT,R2,1
3300768,PYCT,R2,1
3454591,BNCT,R2,1
3454599,CTCT,R2,1
3454606,BNCT,R2,1
3412774,PTCT,R2,1
3412776,PTCT,R2,2
3412776,ZWCT,RI,1
3412777,ZWCT,R2,1
3412757,HYCT,R2,1
3412758,HYCT,R2,1
3412760,HYCT,R2,2
3412760,ZWCT,RI,1
3412762,ZWCT,R2,1
3412762,HYCT,RI,1
3412763,HYCT,R2,1
3412788,ZWCT,R2,1
3412797,ZWCT,R2,1
3412821,ZWCT,R2,1
3407383,ZWCT,R2,1
3407386,ZWCT,R2,1
3407408,ZWCT,R2,1
3407412,ZWCT,R2,1
3407416,ZWCT,R2,1
3556751,KSCT,R2,1
3556751,RHCT,R2,1
3556751,HYCT,RI,1
3556751,PTCT,RI,2
3556755,HYCT,R2,2
3556755,RHCT,RI,1
3556755,KSCT,RI,2
3556759,HYCT,R2,2
3556759,KSCT,RI,1
3556759,RHCT,RI,2
3556761,RHCT,R2,2
3556761,KSCT,RI,2
3556763,HYCT,R2,2
3556763,RHCT,RI,1
3556763,KSCT,RI,2
3556765,KSCT,R2,1
3556765,RHCT,R2,1
3556765,HYCT,RI,1
3556765,PYCT,RI,2
3556768,KSCT,R2,1
3556768,RHCT,R2,1
3556768,HYCT,RI,1
3556768,PTCT,RI,2
3556772,HYCT,R2,2
3556772,RHCT,RI,1
3556772,KSCT,RI,2
3556774,HYCT,R2,2
3556774,KSCT,RI,2
3556775,HYCT,R2,2
3556775,KSCT,RI,2
3556777,HYCT,R2,2
3556777,RHCT,RI,1
3556777,KSCT,RI,2
3556779,KSCT,R2,1
3556779,RHCT,R2,1
3556779,HYCT,RI,1
3556779,PTCT,RI,2
3588533,HYCT,R2,1
3588533,KSCT,R2,1
3588533,RHCT,RI,1
3588533,CTCT,RI,1
3588538,HYCT,R2,1
3588538,KSCT,R2,1
3588538,RHCT,RI,1
3588538,CTCT,RI,2
3588541,KSCT,R2,2
3588541,HYCT,RI,2
3588542,KSCT,R2,2
3588542,HYCT,RI,2
3588545,HYCT,R2,1
3588545,KSCT,R2,1
3588545,RHCT,RI,1
3588545,CTCT,RI,2
3588546,HYCT,R2,1
3588546,KSCT,R2,1
3588546,RHCT,RI,1
3588546,CTCT,RI,1
3588549,HYCT,R2,1
3588549,KSCT,R2,1
3588549,RHCT,RI,1
3588549,PTCT,RI,1
3588552,HYCT,R2,1
3588552,KSCT,R2,1
3588552,RHCT,RI,1
3588552,CTCT,RI,2
3588554,HYCT,R2,1
3588554,KSCT,R2,2
3588554,RHCT,RI,1
3588554,CTCT,RI,2
3588557,KSCT,R2,2
3588557,HYCT,RI,2
3588562,HYCT,R2,1
3588562,KSCT,R2,1
3588562,RHCT,RI,1
3588562,CTCT,RI,2
3588564,HYCT,R2,1
3588564,KSCT,R2,1
3588564,RHCT,RI,1
3588564,PTCT,RI,1
3245568,ZWCT,R2,1.0
3245568,ZWCT,RI,1.0
3245569,ZWCT,R2,1
3245570,CTCT,R2,2
3245570,ZWCT,RI,2
3454192,HYCT,R2,1
3454192,PYCT,R2,2
3454203,HYCT,R2,1
3454203,PYCT,RI,1
3454207,KSCT,R2,2
3454207,HYCT,RI,2
3454225,HYCT,R2,1
3454225,KSCT,R2,1
3454225,PYCT,RI,1
3454230,PYCT,R2,1
3454233,PYCT,R2,1
3454166,PYCT,R2,1.0
3454166,PYCT,RI,1.0
3454176,PYCT,R2,1.0
3454176,PYCT,RI,1.0
3454179,HYCT,R2,1
3454182,PYCT,R2,1
3407475,KSCT,R2,1
3588587,HYCT,R2,1
3588587,RHCT,R2,1
3588587,PTCT,RI,1
3588587,CTCT,RI,1
3588590,HYCT,R2,1
3588590,KSCT,R2,1
3588590,RHCT,RI,1
3588590,PTCT,RI,1
3588592,HYCT,R2,1
3588592,KSCT,R2,1
3588592,BNCT,RI,2
3588595,HYCT,R2,1
3588595,KSCT,R2,1
3588595,RHCT,RI,1
3588595,BNCT,RI,2
3588599,HYCT,R2,1
3588599,KSCT,R2,1
3588599,RHCT,RI,1
3588599,PTCT,RI,1
3588603,HYCT,R2,1
3588603,RHCT,R2,1
3588603,PTCT,RI,1
3588603,CTCT,RI,1
3588569,HYCT,R2,1
3588569,KSCT,R2,1
3588569,RHCT,RI,1
3588569,PTCT,RI,1
3588574,HYCT,R2,1
3588574,KSCT,R2,1
3588574,RHCT,RI,1
3588574,PTCT,RI,1
3588576,HYCT,R2,1
3588576,RHCT,R2,1
3588576,BNCT,RI,2
3588579,HYCT,R2,1
3588579,KSCT,R2,1
3588579,RHCT,RI,1
3588579,BNCT,RI,2
3588583,HYCT,R2,1
3588583,KSCT,R2,1
3588583,RHCT,RI,1
3588583,PTCT,RI,1
3588584,HYCT,R2,1
3588584,KSCT,R2,1
3588584,RHCT,RI,1
3588584,PTCT,RI,1
3413023,PTCT,R2,1
3454415,HYCT,R2,1
3454415,KSCT,RI,1
3454396,HYCT,R2,1
3383721,ZWCT,R2,1
3383725,ZWCT,R2,1
3383630,ZWCT,R2,1
3383642,ZWCT,R2,1
3454486,RHCT,R2,2
3454486,HYCT,RI,2
3454499,HYCT,R2,2
3454499,RHCT,RI,1
3454499,KSCT,RI,2
3454507,HYCT,R2,2
3454507,RHCT,RI,1
3454507,KSCT,RI,2
3454515,HYCT,R2,1
3454515,KSCT,R2,2
3454515,PYCT,RI,2
3454540,HYCT,R2,2
3454540,RHCT,RI,2
3454545,HYCT,R2,2
3454545,RHCT,RI,2
3454448,HYCT,R2,2
3454448,RHCT,RI,2
3454461,HYCT,R2,2
3454461,RHCT,RI,2
3454467,HYCT,R2,2
3454467,RHCT,RI,2
3454472,HYCT,R2,2
3454472,RHCT,RI,2
3454475,HYCT,R2,2
3454475,RHCT,RI,2
3454479,HYCT,R2,2
3454479,RHCT,RI,2
3367540,PYCT,R2,1
3543695,HYCT,R2,1
3543695,RHCT,R2,1
3543695,KSCT,RI,1
3543695,PYCT,RI,1
3543708,HYCT,R2,2
3543708,RHCT,RI,1
3543708,PYCT,RI,2
3543711,HYCT,R2,2
3543711,KSCT,RI,2
3543712,HYCT,R2,2
3543712,RHCT,RI,2
3543714,KSCT,R2,1
3543714,BNCT,R2,2
3543714,R2CT,RI,1
3543714,CTCT,RI,1
3543716,HYCT,R2,1
3543716,RHCT,R2,1
3543716,BNCT,RI,1
3543716,PYCT,RI,1
3543718,RHCT,R2,1
3543718,KSCT,R2,1
3543718,R2CT,RI,1
3543718,BNCT,RI,2
3543721,KSCT,R2,1
3543721,PYCT,R2,2
3543721,R2CT,RI,1
3543721,PTCT,RI,1
3543724,HYCT,R2,2
3543724,RHCT,RI,2
3543726,HYCT,R2,2
3543726,KSCT,RI,2
3543728,KSCT,R2,1
3543728,PYCT,R2,1
3543728,BNCT,RI,1
3543728,CTCT,RI,1
3543736,HYCT,R2,1
3543736,PYCT,R2,1
3543736,R2CT,RI,1
3543736,PTCT,RI,1
3492948,HYCT,R2,1
3492948,BNCT,R2,1
3492948,ZWCT,RI,1
3492948,RHCT,RI,1
3492952,PTCT,R2,1
3492952,BNCT,RI,1
3492955,HYCT,R2,1
3492955,PTCT,R2,1
3492955,RHCT,RI,1
3492958,R2CT,R2,1
3492958,PTCT,R2,2
3492958,PYCT,RI,1
3492958,ZWCT,RI,1
3492960,BNCT,R2,1
3492960,HYCT,R2,1
3492960,KSCT,RI,1
3492961,BNCT,R2,1
3492961,PYCT,R2,1
3492961,HYCT,RI,1
3492924,PTCT,R2,1
3492931,PTCT,R2,1
3492935,PYCT,R2,1
3492939,PTCT,R2,1
3492939,PYCT,RI,1
3492947,PTCT,R2,1
3556781,RHCT,R2,1
3556781,HYCT,R2,1
3556781,PYCT,RI,1
3556781,BNCT,RI,1
3556783,HYCT,R2,2
3556783,RHCT,RI,1
3556783,KSCT,RI,2
3556784,RHCT,R2,2
3556784,KSCT,RI,2
3556785,RHCT,R2,2
3556785,KSCT,RI,2
3556787,HYCT,R2,2
3556787,R2CT,RI,2
3556788,KSCT,R2,1
3556788,RHCT,R2,1
3556788,HYCT,RI,1
3556788,CTCT,RI,2
3556789,KSCT,R2,1
3556789,RHCT,R2,1
3556789,BNCT,RI,2
3556792,RHCT,R2,1
3556792,PYCT,R2,2
3556792,BNCT,RI,2.0
3556794,HYCT,R2,2
3556794,RHCT,RI,2
3556796,KSCT,R2,2
3556796,HYCT,RI,1
3556796,R2CT,RI,2
3556798,HYCT,R2,2
3556798,RHCT,RI,1
3556798,KSCT,RI,2
3556800,KSCT,R2,1
3556800,RHCT,R2,1
3556800,HYCT,RI,1
3556800,PTCT,RI,2
3294656,PYCT,R2,1
3437091,PTCT,R2,1
3437094,PTCT,R2,1
3437096,PYCT,R2,1
3437096,PTCT,RI,1
3437080,PTCT,R2,2
3437080,PYCT,RI,2
3437084,PTCT,R2,1
3437085,HYCT,R2,1
3437085,PTCT,RI,1
3437087,PTCT,R2,1
3437088,PYCT,R2,2
3437088,PTCT,RI,1
3437089,PYCT,R2,1
3437089,PTCT,RI,1
3556803,HYCT,R2,1
3556803,BNCT,R2,1
3556803,CTCT,RI,1
3556803,PTCT,RI,1
3556805,HYCT,R2,1
3556805,PTCT,R2,2
3556805,PYCT,RI,1
3556805,CTCT,RI,1
3556807,HYCT,R2,1
3556807,PYCT,R2,1
3556807,CTCT,RI,1
3556807,BNCT,RI,2
3556809,HYCT,R2,1
3556809,PTCT,R2,1
3556809,CTCT,RI,1
3556809,ZWCT,RI,1
3556812,HYCT,R2,1
3556812,PTCT,R2,2
3556812,PYCT,RI,1
3556812,CTCT,RI,1
3556813,HYCT,R2,1
3556813,BNCT,R2,1
3556813,CTCT,RI,1
3556813,PTCT,RI,1
3556815,HYCT,R2,1
3556815,BNCT,R2,1
3556815,CTCT,RI,1
3556815,PYCT,RI,1
3556816,HYCT,R2,1
3556816,PYCT,R2,1
3556816,PTCT,RI,2
3556817,HYCT,R2,1
3556817,PTCT,R2,2
3556817,PYCT,RI,1
3556817,CTCT,RI,1
3556818,HYCT,R2,1
3556818,PTCT,R2,2
3556818,PYCT,RI,1
3556818,CTCT,RI,1
3556819,HYCT,R2,1
3556819,PTCT,R2,2
3556819,PYCT,RI,1
3556819,CTCT,RI,1
3556820,HYCT,R2,1
3556820,BNCT,R2,1
3556820,CTCT,RI,1
3556820,PTCT,RI,1
3570432,PTCT,R2,1
3570432,BNCT,R2,1
3570432,ZWCT,RI,1
3570439,CTCT,R2,1
3570439,BNCT,R2,1
3570439,ZWCT,RI,1
3570439,PTCT,RI,1
3570441,PTCT,R2,2
3570441,BNCT,RI,1
3570441,CTCT,RI,1
3570443,PTCT,R2,2
3570443,BNCT,RI,1
3570443,ZWCT,RI,2
3570447,CTCT,R2,1
3570447,BNCT,R2,1
3570447,ZWCT,RI,1
3570447,PTCT,RI,1
3570451,PTCT,R2,1
3570451,CTCT,R2,1
3570451,BNCT,RI,1
3570451,ZWCT,RI,1
3570455,PTCT,R2,1
3570455,BNCT,RI,1
3570457,PTCT,R2,2
3570457,BNCT,RI,1
3570457,CTCT,RI,1
3570460,PTCT,R2,2
3570460,BNCT,RI,1
3570460,CTCT,RI,1
3570463,PTCT,R2,2
3570463,BNCT,RI,1
3570463,CTCT,RI,1
3570465,PTCT,R2,2
3570465,BNCT,RI,1
3570465,CTCT,RI,1
3570466,PTCT,R2,1
3570466,CTCT,R2,1
3570466,BNCT,RI,1
3588627,HYCT,R2,1
3588627,KSCT,R2,1
3588627,RHCT,RI,1
3588627,PTCT,RI,1
3588629,KSCT,R2,1
3588629,RHCT,R2,1
3588629,CTCT,RI,2
3588631,KSCT,R2,2
3588631,HYCT,RI,2
3588632,KSCT,R2,2
3588632,HYCT,RI,2
3588635,HYCT,R2,1
3588635,KSCT,R2,1
3588635,RHCT,RI,1
3588635,CTCT,RI,2
3588639,HYCT,R2,1
3588639,KSCT,R2,1
3588639,RHCT,RI,1
3588639,PTCT,RI,1
3588609,HYCT,R2,1
3588609,KSCT,R2,1
3588609,RHCT,RI,1
3588609,CTCT,RI,1
3588618,HYCT,R2,1
3588618,KSCT,R2,1
3588618,RHCT,RI,1
3588618,CTCT,RI,2
3588620,KSCT,R2,2
3588620,HYCT,RI,2
3588623,KSCT,R2,2
3588623,HYCT,RI,2
3588624,HYCT,R2,1
3588624,KSCT,R2,1
3588624,RHCT,RI,1
3588624,CTCT,RI,2
3588626,HYCT,R2,1
3588626,KSCT,R2,1
3588626,RHCT,RI,1
3588626,CTCT,RI,1
3543758,RHCT,R2,1
3543758,PYCT,R2,1
3543758,CTCT,RI,1
3543758,ZWCT,RI,1
3543762,ZWCT,R2,1
3543764,BNCT,R2,1
3543765,KSCT,R2,1
3543765,BNCT,R2,1
3543765,PYCT,RI,1
3543765,CTCT,RI,1
3543767,KSCT,R2,1
3543767,PYCT,R2,1
3543767,R2CT,RI,1
3543767,CTCT,RI,1
3543768,RHCT,R2,1
3543768,KSCT,R2,1
3543768,BNCT,RI,1
3543768,PYCT,RI,1
3543739,HYCT,R2,1
3543739,RHCT,R2,1
3543739,R2CT,RI,1
3543739,BNCT,RI,1
3543744,HYCT,R2,1
3543744,KSCT,R2,1
3543744,BNCT,RI,1
3543744,R2CT,RI,1
3543746,HYCT,R2,1
3543746,RHCT,R2,1
3543746,KSCT,RI,1
3543746,PYCT,RI,1
3543749,HYCT,R2,1
3543749,RHCT,R2,1
3543749,KSCT,RI,1
3543749,PTCT,RI,1
3543753,RHCT,R2,1
3543753,KSCT,R2,1
3543753,PTCT,RI,1
3543753,BNCT,RI,1
3543755,HYCT,R2,1
3543755,RHCT,R2,1
3543755,KSCT,RI,1
3543755,BNCT,RI,1
3395757,ZWCT,R2,1
3395760,RHCT,R2,1
3395761,RHCT,R2,1.0
3395761,RHCT,RI,1.0
3395765,RHCT,R2,1.0
3395765,RHCT,RI,1.0
